source_label,source_mode,title,url,drop_reason
The Star,direct_seed,Trader pleads not guilty to posting offensive content on Instagram,https://www.thestar.com.my/news/nation/2026/04/07/trader-pleads-not-guilty-to-posting-offensive-content-on-instagram,not_malaysia_relevant
The Star,direct_seed,"Bowling centre worker found dead had complained of headache, says manager",https://www.thestar.com.my/news/nation/2026/04/07/bowling-centre-worker-found-dead-had-complained-of-headache-says-manager,not_malaysia_relevant
The Star,direct_seed,Chef pleads guilty to raping girlfriend's teenage daughter,https://www.thestar.com.my/news/nation/2026/04/07/chef-pleads-guilty-to-raping-girlfriend039s-teenage-daughter,not_malaysia_relevant
NST,direct_seed,"Man killed in parang attack in Buntong, several injured",https://www.nst.com.my/news/regional/2026/04/1412122/man-killed-parang-attack-buntong-several-injured,not_malaysia_relevant
NST,direct_seed,"Four siblings draw attention with unique names inspired by brands, icons",https://www.nst.com.my/news/nation/2026/04/1412107/four-siblings-draw-attention-unique-names-inspired-brands-icons,not_malaysia_relevant
NST,direct_seed,East Coast tour bus operators face shutdown over diesel price hike,https://www.nst.com.my/news/regional/2026/04/1412093/east-coast-tour-bus-operators-face-shutdown-over-diesel-price-hike,not_malaysia_relevant
NST,direct_seed,"Stubbed out: Two Singaporeans fined RM1,000 each for littering cigarette butts in JB",https://www.nst.com.my/news/regional/2026/04/1412068/stubbed-out-two-singaporeans-fined-rm1000-each-littering-cigarette,not_malaysia_relevant
NST,direct_seed,"4 policemen remanded in RM12,000 bribery probe by MACC [WATCH]",https://www.nst.com.my/news/regional/2026/04/1412059/4-policemen-remanded-rm12000-bribery-probe-macc-watch,not_malaysia_relevant
Free Malaysia Today,direct_seed,Dr M denies dividing Malays through Bersatu,https://www.freemalaysiatoday.com/category/nation/2026/04/07/dr-m-denies-dividing-malays-through-bersatu,not_articleish
Free Malaysia Today,direct_seed,"No oil supply crisis on the horizon, says Anwar",https://www.freemalaysiatoday.com/category/nation/2026/04/07/no-oil-supply-crisis-on-the-horizon-says-anwar,not_articleish
Free Malaysia Today,direct_seed,Zahid pushes for halal park expansion in all states,https://www.freemalaysiatoday.com/category/nation/2026/04/07/zahid-pushes-for-halal-park-expansion-in-all-states,not_articleish
Free Malaysia Today,direct_seed,Trailer driver in Segamat crash charged with 3 counts of murder,https://www.freemalaysiatoday.com/category/nation/2026/04/07/trailer-driver-in-segamat-crash-charged-with-3-counts-of-murder,not_articleish
Free Malaysia Today,direct_seed,Bukit Aman warns of ‘like-and-share’ approach in online job scams,https://www.freemalaysiatoday.com/category/nation/2026/04/07/bukit-aman-warns-of-like-and-share-approach-in-online-job-scams,not_articleish
Free Malaysia Today,direct_seed,"Singaporean duo fined RM1,000 each for littering",https://www.freemalaysiatoday.com/category/nation/2026/04/07/singaporean-duo-fined-rm1000-each-for-littering,not_articleish
Free Malaysia Today,direct_seed,Education ministry takes full responsibility for IPG trainees tragedy,https://www.freemalaysiatoday.com/category/nation/2026/04/07/education-ministry-takes-full-responsibility-for-ipg-trainees-tragedy,not_articleish
Free Malaysia Today,direct_seed,"Govt renews push for national harmony, reconciliation commission",https://www.freemalaysiatoday.com/category/nation/2026/04/07/govt-renews-push-for-national-harmony-reconciliation-commission,not_articleish
Free Malaysia Today,direct_seed,"PN out of political fodder in Perak, say analysts",https://www.freemalaysiatoday.com/category/nation/2026/04/07/pn-out-of-political-fodder-in-perak-say-analysts,not_articleish
Free Malaysia Today,direct_seed,"Don’t let Madani Marts squeeze out sundry shops, govt told",https://www.freemalaysiatoday.com/category/nation/2026/04/07/dont-let-madani-marts-squeeze-out-sundry-shops-govt-told,not_articleish
Free Malaysia Today,direct_seed,"Amend law to allow heavier penalties for scammers, govt urged",https://www.freemalaysiatoday.com/category/nation/2026/04/07/amend-law-to-allow-heavier-penalties-for-scammers-govt-urged,not_articleish
Free Malaysia Today,direct_seed,UPSI bowling alley staff found dead in locked storage room,https://www.freemalaysiatoday.com/category/nation/2026/04/07/upsi-bowling-alley-staff-found-dead-in-locked-storage-room,not_articleish
Free Malaysia Today,direct_seed,"Using Thai way to grow EV sector not the way, says industry expert",https://www.freemalaysiatoday.com/category/nation/2026/04/07/using-thai-way-to-grow-ev-sector-not-the-way-says-industry-expert,not_articleish
Free Malaysia Today,direct_seed,Daim’s daughter claims trial to failing to declare assets,https://www.freemalaysiatoday.com/category/nation/2026/04/07/daims-daughter-claims-trial-to-failing-to-declare-assets,not_articleish
Free Malaysia Today,direct_seed,Tiger tracks discovered in Kluang,https://www.freemalaysiatoday.com/category/nation/2026/04/07/tiger-tracks-discovered-in-kluang,not_articleish
Free Malaysia Today,direct_seed,Sunway thanks 33.5% of IJM shareholders who took up takeover offer,https://www.freemalaysiatoday.com/category/nation/2026/04/07/sunway-thanks-33-of-ijm-shareholders-who-took-up-takeover-offer,not_articleish
Free Malaysia Today,direct_seed,"Explore new transit routes to Langkawi, says tourism player",https://www.freemalaysiatoday.com/category/nation/2026/04/07/explore-new-transit-routes-to-langkawi-says-tourism-player,not_articleish
Free Malaysia Today,direct_seed,DAP leaders ordered to explain severity of energy crisis to masses,https://www.freemalaysiatoday.com/category/nation/2026/04/07/dap-leaders-ordered-to-explain-severity-of-energy-crisis-to-masses,not_articleish
Free Malaysia Today,direct_seed,Gerakan ready to work with Hamzah’s new party,https://www.freemalaysiatoday.com/category/nation/2026/04/07/gerakan-ready-to-work-with-hamzahs-new-party,not_articleish
Free Malaysia Today,direct_seed,"Amanah likely to go on the defensive in GE16, says analyst",https://www.freemalaysiatoday.com/category/nation/2026/04/07/amanah-likely-to-go-on-the-defensive-in-ge16-says-analyst,not_articleish
Free Malaysia Today,direct_seed,"Subsidies not enough, say experts as tourism faces diesel squeeze",https://www.freemalaysiatoday.com/category/nation/2026/04/07/subsidies-not-enough-say-experts-as-tourism-faces-diesel-squeeze,not_articleish
Free Malaysia Today,direct_seed,Union urges govt to monitor Batik Air’s cost-cutting measures,https://www.freemalaysiatoday.com/category/nation/2026/04/06/union-urges-govt-to-monitor-batik-airs-cost-cutting-measures,not_articleish
Free Malaysia Today,direct_seed,"Even if Mideast ceasefire is reached, we’ll feel impact, says DPM",https://www.freemalaysiatoday.com/category/nation/2026/04/06/even-if-mideast-ceasefire-is-reached-well-feel-impact-says-dpm,not_articleish
Free Malaysia Today,direct_seed,Johor PKR prepared to negotiate seats with Umno for state polls,https://www.freemalaysiatoday.com/category/nation/2026/04/06/johor-pkr-prepared-to-negotiate-seats-with-umno-for-state-polls,not_articleish
Free Malaysia Today,direct_seed,No extension for pharmacists who have reached maximum tenure,https://www.freemalaysiatoday.com/category/nation/2026/04/06/no-extension-for-pharmacists-who-have-reached-maximum-tenure,not_articleish
Free Malaysia Today,direct_seed,MACC to apply for red notice against Daim’s 2 sons over no-show,https://www.freemalaysiatoday.com/category/nation/2026/04/06/macc-to-apply-for-red-notice-against-daims-2-sons-over-no-show,not_articleish
Free Malaysia Today,direct_seed,Sunway’s takeover offer for IJM lapses,https://www.freemalaysiatoday.com/category/nation/2026/04/06/sunways-takeover-offer-for-ijm-lapses,not_articleish
Free Malaysia Today,direct_seed,Daim’s daughter to face asset declaration charge tomorrow,https://www.freemalaysiatoday.com/category/nation/2026/04/06/daims-daughter-to-face-asset-declaration-charge-tomorrow,not_articleish
Free Malaysia Today,direct_seed,Anwar praises Ling’s contributions to nation,https://www.freemalaysiatoday.com/category/nation/2026/04/06/anwar-praises-lings-contributions-to-nation,not_articleish
Free Malaysia Today,direct_seed,Trailer driver in Segamat crash to be charged with murder,https://www.freemalaysiatoday.com/category/nation/2026/04/06/trailer-driver-in-segamat-crash-to-be-charged-with-murder,not_articleish
Free Malaysia Today,direct_seed,FMM says 90% industry players to see supply chain disruptions within 2 weeks,https://www.freemalaysiatoday.com/category/nation/2026/04/06/fmm-says-90-industry-players-see-supply-chain-disruptions-within-2-weeks,not_articleish
Free Malaysia Today,direct_seed,Iran says it won’t forget friends as M’sian vessel sails through Hormuz strait,https://www.freemalaysiatoday.com/category/nation/2026/04/06/iran-says-it-wont-forget-friends-as-msian-vessel-clears-hormuz,not_articleish
Free Malaysia Today,direct_seed,Woman dies after collapsing in Tanjung Tokong hotel room,https://www.freemalaysiatoday.com/category/nation/2026/04/06/woman-dies-after-collapsing-in-tanjung-tokong-hotel-room,not_articleish
Free Malaysia Today,direct_seed,Visit Malaysia 2026 campaign to be extended to 2027,https://www.freemalaysiatoday.com/category/nation/2026/04/06/visit-malaysia-2026-campaign-to-be-extended-to-2027,not_articleish
Free Malaysia Today,direct_seed,Indira’s lawyers ‘appalled’ by police failure to obtain info on ex-husband,https://www.freemalaysiatoday.com/category/nation/2026/04/06/indiras-lawyers-appalled-by-police-failure-to-obtain-info-on-ex-husband,not_articleish
Free Malaysia Today,direct_seed,Selangor to review 2026 budget amid war-driven economic risks,https://www.freemalaysiatoday.com/category/nation/2026/04/06/selangor-to-review-2026-budget-amid-war-driven-economic-risks,not_articleish
Free Malaysia Today,direct_seed,Ex-babysitter jailed 5 years for death of baby at nursery,https://www.freemalaysiatoday.com/category/nation/2026/04/06/ex-babysitter-jailed-5-years-for-death-of-baby-at-nursery,not_articleish
Free Malaysia Today,direct_seed,UK law firm denies wrongdoing amid 1MDB-Petro Saudi probe,https://www.freemalaysiatoday.com/category/nation/2026/04/06/uk-law-firm-denies-wrongdoing-amid-1mdb-petro-saudi-probe,not_articleish
Free Malaysia Today,direct_seed,Hajiji hopes Sabah-Putrajaya talks will proceed after appeal court ruling,https://www.freemalaysiatoday.com/category/nation/2026/04/06/hajiji-hopes-sabah-putrajaya-talks-will-proceed-after-appeal-court-ruling,not_articleish
Free Malaysia Today,direct_seed,"Live our heritage to preserve it, says Tunku Azizah",https://www.freemalaysiatoday.com/category/nation/2026/04/06/live-our-heritage-to-preserve-it-says-tunku-azizah,not_articleish
Free Malaysia Today,direct_seed,57 ex-civil servants seek to overturn ruling on pension adjustment,https://www.freemalaysiatoday.com/category/nation/2026/04/06/57-ex-civil-servants-seek-to-overturn-ruling-on-pension-adjustment,not_articleish
Free Malaysia Today,direct_seed,"Facebook user admits Fahmi did not give political speech in mosque, regrets post",https://www.freemalaysiatoday.com/category/nation/2026/04/06/fauzan-admits-fahmi-gave-no-political-speech-in-mosque-regrets-post,not_articleish
Free Malaysia Today,direct_seed,"E-hailing driver who drove against traffic jailed 3 days, fined RM6,000",https://www.freemalaysiatoday.com/category/nation/2026/04/06/e-hailing-driver-who-drove-against-traffic-jailed-3-days-fined-rm6000,not_articleish
Free Malaysia Today,direct_seed,"Retiree, ex-temple chairman claim trial over bogus RM50,000 claim",https://www.freemalaysiatoday.com/category/nation/2026/04/06/retiree-ex-temple-chairman-claim-trial-over-bogus-rm50000-claim,not_articleish
Free Malaysia Today,direct_seed,"Asyraf, Mas Ermieyati settle lawsuit on claims linked to Mara",https://www.freemalaysiatoday.com/category/nation/2026/04/06/asyraf-mas-ermieyati-settle-lawsuit-on-claims-linked-to-mara,not_articleish
Free Malaysia Today,direct_seed,"AirAsia X to trim capacity, increase fares amid rising fuel prices",https://www.freemalaysiatoday.com/category/nation/2026/04/06/airasia-x-to-trim-capacity-increase-fares-amid-rising-fuel-prices,not_articleish
Free Malaysia Today,direct_seed,"Restore proper price signals amid oil, wage debates, says think tank",https://www.freemalaysiatoday.com/category/nation/2026/04/06/restore-proper-price-signals-amid-oil-wage-debates-says-think-tank,not_articleish
Free Malaysia Today,direct_seed,Army corporal claims trial to assaulting 7,https://www.freemalaysiatoday.com/category/nation/2026/04/06/army-corporal-claims-trial-to-assaulting-7,not_articleish
Free Malaysia Today,direct_seed,Daim’s daughter gives statement to MACC,https://www.freemalaysiatoday.com/category/nation/2026/04/06/daims-daughter-gives-statement-to-macc,not_articleish
Free Malaysia Today,direct_seed,26 prisoners seek review of sentences by pardons boards,https://www.freemalaysiatoday.com/category/nation/2026/04/06/26-prisoners-seek-review-of-sentences-by-pardons-boards,not_articleish
Bernama,direct_seed,"General : Malaysia Strengthens Global Halal Leadership, Certification Recognised In Over 50 Countries - Ahmad Zahid",http://www.bernama.com/en/news.php?id=2541930,not_articleish
Bernama,direct_seed,General : PM Anwar Calls For A Renewed Global Commitment To Diplomacy,http://www.bernama.com/en/news.php?id=2541920,not_articleish
Bernama,direct_seed,General : Bowling Centre Employee Found Dead Had Complained Of Headache - Manager,http://www.bernama.com/en/news.php?id=2541911,not_articleish
Bernama,direct_seed,"Business : Binastra, Eco-Shop, Kelington Among Top Companies For ESG Investment In 2026 -- RHB IB",http://www.bernama.com/en/news.php?id=2541910,not_articleish
Bernama,direct_seed,World : Strait Of Hormuz Traffic Rises To Highest Level Over Weekend Since Early Days Of Iran War,http://www.bernama.com/en/news.php?id=2541893,not_articleish
Bernama,direct_seed,"Business : Ekuinas Invests RM1 Bln In Ain Medicare, Advancing Bumiputera Enterprises",http://www.bernama.com/en/news.php?id=2541891,not_articleish
Bernama,direct_seed,General : Peninsula Waters Clear Of KHV Despite Sabah Cases - DOF,http://www.bernama.com/en/news.php?id=2541889,not_articleish
Bernama,direct_seed,General : Drafting Of SKRN Bill To Focus On Prevention And Reconciliation â KPN,http://www.bernama.com/en/news.php?id=2541887,not_articleish
Bernama,direct_seed,Business : PM Anwar: Strategic Shift In Energy Strategy Imperative Amid Global Disruptions,http://www.bernama.com/en/news.php?id=2541884,not_articleish
Bernama,direct_seed,"Business : Malaysia's Banking Industry Remain Resilient, Supportive Amid Global Uncertainties - ABM",http://www.bernama.com/en/news.php?id=2541879,not_articleish
The Sun,direct_seed,Israeli military tells people in Iran to avoid using trains,https://thesun.my/news/world-news/israeli-military-tells-people-in-iran-to-avoid-using-trains/,not_malaysia_relevant
The Sun,direct_seed,Taiwan opposition leader makes rare visit to China,https://thesun.my/news/world-news/asia/taiwan-opposition-leader-makes-rare-visit-to-china/,not_malaysia_relevant
The Sun,direct_seed,Australian soldier arrested for alleged war crimes in Afghanistan,https://thesun.my/news/world-news/australian-soldier-arrested-for-alleged-war-crimes-in-afghanistan/,not_malaysia_relevant
The Sun,direct_seed,Cambodian deported by US faced ‘misery’ in Eswatini prison,https://thesun.my/news/world-news/asia/cambodian-deported-by-us-faced-misery-in-eswatini-prison/,not_malaysia_relevant
The Sun,direct_seed,Vietnam’s To Lam consolidates power with presidential perch,https://thesun.my/news/world-news/asia/vietnams-to-lam-consolidates-power-with-presidential-perch/,not_malaysia_relevant
Google News Malaysia,google_discovery,Anwar Sends Selangor MB As Special Envoy To Lead Malaysia’s Gaza Aid Mission - TRP | The Rakyat Post,https://news.google.com/rss/articles/CBMiywFBVV95cUxPbkozSnp4TERqdTBjaVR6UGtyOXRYLUtNOGttYU5OQ1VSTjZ2UDFxWGpuTUwyNWxIbk1BNHJ1X1VwZnBhZW1ySktqb1VLdFpHVzNWNWRwQ2w4UF80R29UazdZNXNHQU9OOGFZM0RQMFl5b0JkaGhkMnpvNFlQQXVsdGVXY0NfXy1ZTmtsZnhMQk5IUkk0WThrWExEQ1dpLVZuM3Iyb2pYUm1QZUFoT0pmV2RqUDdIY0RvZHNrYjZLdnV5d20tMGE4TGFMdw?oc=5,not_articleish;google_unresolved_news_google
Google News Malaysia,google_discovery,"Anwar: Malaysia’s fuel supply secure until June, thanks Iranian president for safe transit of ships via Hormuz - Malay Mail",https://news.google.com/rss/articles/CBMi-AFBVV95cUxPWVFIeFViajNPd1kwU2N5YmROdE5fanBDVmlXS05qWmZNTVFoTmZwQ21va2NMdDJ2Y01keHFxY0F2UWRENmpMbGJNUE9wLXVpZ0hOYUdtaTc4OWJUd1lsVFNNLU9xbm1INjM4MjVBdXFjT21SZEdDUFRqeVJyS2ladnAyOE41VGpISGNGS05PdG9wMjdyZ3NyakdnbUxGdDBxcTYtd2JtY1paT0ZQczNLQ0lfN0ZJVGxkQ2x1TkdraUV1emliLVNweTYyenpfQWFuSDIxQ2ZCQjNWX294c285ejVyNjEzMk45Zkk5Y3Y3S3VRZzhFLTN0VtIB_gFBVV95cUxNa0JtVzhOa0Y5S2Vfd2d5STAtZEg4aENFckUwMUNWNzZucWh6V1BYeVpha1pVRkE0RHZCNkJOTGZUSXlES3VjaHlzMHJleFdQRFhrTGV0VHJJSEtaUkZxTkZFQ19vXzB6M240MDBRR2NQYjhhR3VwdDllcVRTT3JPYnY2MWNvbHRXMkQyQkx3UDZ4TG5RTmd0UmVvcXl6UFJhaFVDbGNSM0NVNWZobkRuemZaY0QtalpFRGR4RThkLWxDM3U3QmNTSU9LczMyWGN2amRRRV9pMGVzY05OQjRQT2lkWTJBQ28ycXg0Z2dNQjdlNjdKeGlIV2RzV2hkQQ?oc=5,not_articleish;google_unresolved_news_google
Google News Malaysia,google_discovery,"Anwar: Fuel prices may rise, but Malaysia unlikely to face oil crisis - NST Online",https://news.google.com/rss/articles/CBMisAFBVV95cUxOZ2FXck55RmQ3cFJyd1pUTkFqUkdUUndQcmJSYmRqb2NsUEZ1a1Ita2FCM0tkMjNySjgyMFFuQmlrN2tvcWtkbDVSU0h4NGRGYnFoRWVBaWVNbFRQdnNxQUdoVlJDQ2ttNHI5ZFNMQlNiNmhReV9VWnhvZ0RRSjlGbGNKUTBtRkJXZjJEVlUtVFBhWjlSc3pXZmRjS2YyQUt6N0F6T1pRRzh3ZFhSUHhkbtIBtgFBVV95cUxPY2UxcV9YeHY1UlFIM1NTd01IQS1RQlNNZThxWkpOUnJrQUhucHNQaGdpb1N1ckdvZTR0T19hMExUWWZQMURxdTRkY3JBRTVfMVlYUEtfMTZhNjB1YkxSSEJBMmFvemNLakhZcklMRjN0SW1Ua0k0WUJQTXFVU2NsbVlxR1pyUDR0SkpINmpXNjA4WUJHR1ZaS2ZsVEhRTDh6MlMzYno4bTIxUGFQTW1jbEJxa3lhUQ?oc=5,not_articleish;google_unresolved_news_google
Google News Malaysia,google_discovery,"Malaysia's Banking Industry Remain Resilient, Supportive Amid Global Uncertainties - ABM - Bernama",https://news.google.com/rss/articles/CBMiXEFVX3lxTE5OcjhTWUhMRG1aN0Q2NlRWZEozSFRlRHBqeXNXbWlDVkZVbnRjSmhlRUs3aE9qVHBOcU9RNUtYTDdsXzZyZnJxYkN3VU84VEU1ZDVZa2lYSUR0Rkp4?oc=5,not_articleish;google_unresolved_news_google
Google News Malaysia,google_discovery,"Kia Carnival 8-seater launched in Malaysia - 2-3-3 layout, ADAS, 12 Bose speakers, RM238,888 nett - Paul Tan's Automotive News",https://news.google.com/rss/articles/CBMie0FVX3lxTE5rdUR5VGhSTmJ2S1E5bkVtbi1TYjBZTkViTjdFdDdqU2Nwc0JDcG9GcFdBUEVySnhmMHEtS3NOZ1BXd3F1eGdvZ1M3LVBUQmVjZlV5eTU1d055UmtHZl81TWdnTUdBVUNmR0pCcU5aUWVmR1oxay1MS1R6QQ?oc=5,not_articleish;google_unresolved_news_google
Google News Malaysia,google_discovery,"Sunway, IJM, Reneuco, Bursa Malaysia, AmBank, Bumi Armada, DXN Holdings, PT Resources, Enest Group, MNRB Holdings, K Seng Seng Corp, Hibiscus Petroleum - The Edge Malaysia",https://news.google.com/rss/articles/CBMiUEFVX3lxTFBvei1uejVkVm5LYkVTMVM2Q0hsX1NBNmhMcEpKaFZ3N002OFBqM1FJTWVjVGp0OGVsMmxQYXVvUERvVjhrUE9lWEFsU2x0RF9H?oc=5,not_articleish;google_unresolved_news_google
Google News Malaysia,google_discovery,"A Mother's Cry, And Two Empty Seats: Malaysia's Teacher College Kayaking Deaths Expose Safety Gaps - TRP | The Rakyat Post",https://news.google.com/rss/articles/CBMi5AFBVV95cUxQRnBTcWlvcVBkZDlMRTFzRU5BZTdrM3ZYVUN5YVczR0Q5aGhuMHpnaUMycEVqWXE1V0d3NkNyNWVBb2xhWVNSVm92Qk4wejdFZkI2RE5GTTR1X0VZdFpWWVI0d0FHdjJPZ0lsMmxHeFNHcWtCR3BiZ1dXZ1ExVDVlck5UUzNvV3c0SFBHVFoyc3N0ZnZvT0Z5dS1zbFIwcnFTY216dG11azk3aWJzUlVWLTB3VHY4QlV0NW1TRndqSmlqMFNZMTRrRTU3dndzRG45V2RwOUlCLXNlY1R0OU5vUjlQdGU?oc=5,not_articleish;google_unresolved_news_google
Google News Malaysia,google_discovery,HK singer Sam Hui accompanied by wife Rebecca Fleming in M'sia - The Star,https://news.google.com/rss/articles/CBMixgFBVV95cUxPakF5OWxHVXBSZWhLcWd0MXEtaG02RFBSdzA2RGNyX1QwZ0hvVnpic01hUDhDdjdRT2pJdEdQUHU0ZG5aSGFYVDBZNzZoUUpYLWRpS3YyalhHNGhXWlNCNjZkeG1ERjBHanlIRjZWSm9ndHR6YUhHYVNaREN2cmxxYlphUnJJVG1CeDlXajhzdVJtZm9xaVA4MmdaNlBwWDFJV2JKXzJjZXoyM214ai1LbmpLRWRlZVZqbFh6Nm9QNlE5Vl9zLXc?oc=5,not_malaysia_relevant;not_articleish;google_unresolved_news_google
Google News Malaysia,google_discovery,Union urges govt to monitor Batik Air’s cost-cutting measures - Free Malaysia Today,https://news.google.com/rss/articles/CBMivgFBVV95cUxOMzQ0MTYxX1dYTjE4Y3YyMmdhR1MwQ3d3a05IckhTdE1tckpnWllxOVYwWkZzQXY4U2pEYk9WcGdrRDZVUlk5WHc0OG5FU1pvdGhUSjZlazBhUnVMS0plZS0zRGpUaXNvcFNOZ243d1YyX2d2Zlk4ZWZNNTRYU0NSUDUtellBVDU1empIQlM0blBFaDdZRmQwX0VSZlZ1QUs1SXhNRWh5WlM3X0hwdGxGSjZNcjlBX3R1SnJfZDh3?oc=5,not_articleish;google_unresolved_news_google
Google News Malaysia,google_discovery,StanChart Sets Up First Global Fusion Centre in Malaysia - Fintech News Malaysia,https://news.google.com/rss/articles/CBMid0FVX3lxTFBkckdFaTh2aTlzTGI5SEpacktyb29RTTdVR095XzFFcy03ZmRURWJCbEowbGxRSWdnWmlBNEtYSVlnTksxb2xqTDByT19PeUxmSS1Qb2FvejQzRjg1LVZLdnRTeDhoQXdlamxiYnBDM2ZvRWI4MFRj?oc=5,not_articleish;google_unresolved_news_google
Google News Malaysia,google_discovery,MP SPEAKS | Engineering Malaysia and Asean's energy future - Malaysiakini,https://news.google.com/rss/articles/CBMiVkFVX3lxTE9JZ2JjTm5KaDd1M1R2UnV1dUh5U2h4WkdKZWFmNzB5V01wbE1DUU1VeW1VT0RwN0Q0Yk1jV3I3NnQ2V1ZweHE5SEkwZG5UQUNGLS1HSTJ3?oc=5,not_articleish;google_unresolved_news_google
Google News Malaysia,google_discovery,‘Malaysia will always be my home’: Emmy winner Joy Ngiaw reflects on journey from Pahang to Hollywood - Yahoo News Malaysia,https://news.google.com/rss/articles/CBMihgFBVV95cUxNdjNwSW9YV0hUdUJWaXJCNTdDX2ZOZUNXXzBDMjdLaWlkTmNBVnlSWkFMLWJqSElWZmc1UE8weTBmcHM3c0pYMVYyMnBGX3Q2ckQtU0ZZeWNIb3NtOFVvVmt0N3phTUJHSGZIRlJwZ1lJNF85SnlERld6NThpWkx1WFVfenBldw?oc=5,not_articleish;google_unresolved_news_google
Google News Malaysia,google_discovery,First Malaysian Ship Passes Through Strait Of Hormuz - Iran Embassy - Bernama,https://news.google.com/rss/articles/CBMiYkFVX3lxTE5wcTljbTVDN01YeFZ3c0Rabk9xSXNIcFpYZF9lWmJMTUtxeTdFdUFoOG5DbnA0OUk3Y3pNZ3NnLTJzQ19RTzhBOElaQi10WHJxT2drdmVWTGFpWFp5VGRjZFZB?oc=5,not_articleish;google_unresolved_news_google
Google News Malaysia,google_discovery,Visit Malaysia 2026 campaign to be extended to 2027 - Free Malaysia Today,https://news.google.com/rss/articles/CBMisgFBVV95cUxPSmhTOFN5SUdPZmdpTG5HcFJraUpNZDhWSkpzRVJvUXVwQzRodG5CbC1JelNsaV9Id3REUWlwNElEWlE4YzBnSFhTcWJRQ1VSVk56bnlLdjE4SXZGTF82R0lXSHlrdHlIeUoxaVV3SnZTUW1XVGU2OVhHUTVRNFhtZDR3cTJ6N3FQUEVxTk5kSzNoTk5LdGFGcnlnSWNhZUhBbEJzRVdCNnVkNVZ4SVc3a0pR?oc=5,not_articleish;google_unresolved_news_google
Google News Malaysia,google_discovery,Malaysia Turns To Turkiye For Strategic Advantage - BusinessToday Malaysia,https://news.google.com/rss/articles/CBMimgFBVV95cUxQNXdOanBqWTlEZncyQVkycUg4SWEzc1pyU3dpMFdyX2JtY0Y5WUFGdkVBV29UQS16aHkyeGoxTDl5LVFtMi03eDhaYXhybzc0NzdLNXR2emFWRS1YeXlpZzdzRHB5UHJvb3ktR0dsVk9TS09KMDhYU0J2d05mTjhEU05VTGZ2amZjMG9YMTlweEJvRlJkRGxndndB?oc=5,not_articleish;google_unresolved_news_google
Google News Malaysia,google_discovery,Four Seasons Resort Langkawi Recognised Among Best 10 Hotels in Malaysia by Tatler Best Hotels Malaysia 2026 - Four Seasons Press Room,https://news.google.com/rss/articles/CBMihAFBVV95cUxNM3U4QW1wS2Z6UTRaWHE0OU1ZcWdsMmFpckdyV21wYkwyU2JsYlhGblZrRjNZMUQyOTFkTEczbWNVQ3NMNDVDZUdxQ1hnMDFfRndTdGdmeHhEOTlxa0hGaXVJdklaRWFKLUtvNjcyZ1dSOENhcHVPeS1zeUs3dy1iZktJdXQ?oc=5,not_articleish;google_unresolved_news_google
Google News Malaysia,google_discovery,'Iran doesn't forget friends': First Malaysian vessel transits through Hormuz Strait - NST Online,https://news.google.com/rss/articles/CBMiuAFBVV95cUxNdF9fdXlKUUl1TXI2a0ZlNlEzNEVMN0Q3OWNqbkxuTjZJdm9STzBUMXBua1JiVVJwS29LMmNHekx2NmVmQlZTbnpabmJBMGt3NnM2VFVCOW1hS3ZnNnkyeFRydTVDVDdOaDl4SU44MzdNQW5XQnBGOHJsd0ktbGVVNGpVcE1ZMGtPOFdwbkQzNUZQT3V4d1loOUQzbUdsNTgxNVlBOTl0OTBESVVJSE5XZERFdi1qSS1W0gG-AUFVX3lxTFBZdUx2T09Za2dZc1JjMkV5Z0w0Skx6d2pwRXBHMnpKQ0E0LUJaTlZvOHZZWEEwbWNUUVktOTdwYXlnVmJrSzRUN0VPMFh5aWFOZ0t5TFFSWWNsTGFIOUNrcEUteFBWWDB3LWlWa3dfOTF2UXU1WEM2UTZyNU85RmhFNjYzcmJ2WU9NMnZQcmExR0FaWnU5OGx2S05La3IyTHJBRDBpRnlXNFVtOEYwTlVNQ25ia2xwWWVvMnpWa3c?oc=5,not_articleish;google_unresolved_news_google
Google News Malaysia,google_discovery,Tesla Model Y L now available for order in Malaysia: Price starts at RM260k - SoyaCincau,https://news.google.com/rss/articles/CBMigwFBVV95cUxOZmZmY0hYWEJjREl3X3Z2S01DUjAwdGptZEV2cTZWYkxvcnJjbEh0c2NkbzhMd1UxOVA4dWl6UXRiZUJPY0RiemxKejhnX3NVMEVkbGM5ZWdzY2cxdHA0TUtvaUxLYUh3Y0F3SEtNS0ZmZndseUM1eDNmTlUwVWFpMVFTWQ?oc=5,not_articleish;google_unresolved_news_google
Google News Malaysia,google_discovery,Escalating West Asia Conflict Wake-up Call To Strengthen Malaysia’s Energy Sovereignty -- Academic - Bernama,https://news.google.com/rss/articles/CBMiW0FVX3lxTE0yeTVDWjJOYmc3SVNYcTRHR0YwdVhzT1g2MW5adUlwd1A2NlNKOGI3VVlQY2FUbGItMjloLURRYnZzWDRhbmFLVkpUd2VnM1V5bTZTLTlIMkg0elk?oc=5,not_articleish;google_unresolved_news_google
Google News Malaysia,google_discovery,Bursa Malaysia lower at midday as West Asia conflict continues - The Star,https://news.google.com/rss/articles/CBMiwAFBVV95cUxONGVIV0NETWdEOVZUNVBLV0E2S0VpdmdIczRnRklORWVHQ0hRSHo4U21FNWF1Uk5CdWk1OEJnV0wtejc3bjJJbkppdWVrRTlQTkxZb0lkY0RFZS1ycmRReElaNkpLZTNKU0x2eC1HeVFvaERZS3lPVUFULWJMaS1zM0ZVYS1hSE1vY1c1WUM2aGYwZjF5UFpld1BXWmdMQkwySlkwbE45b3BEa01ycWNFODU1LXNSdWV1WDNQU3RxZXU?oc=5,not_articleish;google_unresolved_news_google
Google News Malaysia,google_discovery,"Malaysia Secures Passage For One Vessel Stranded In Hormuz, MOFA - BusinessToday Malaysia",https://news.google.com/rss/articles/CBMirAFBVV95cUxPLV9FQklKejJWNVZrakNVUERJd0FTZmxzMnREbW4xTUprTzVYcGFGbDRMUUFKVmV0UFQ2RGRNMU9UM3FUZlZYVDc0c05IamcwV3FmSlphY1AtbnFuM3VnT3lmT3NKU2RnS0JRS0VZNlJRdlNzMVZEX3M1bmtZcm9ELWdHWkdjUHpwdDFWZV9GanpHaVRyTC12WjNwRHdfNHhJUmpyNzFYLV84MzFt?oc=5,not_articleish;google_unresolved_news_google
Google News Malaysia,google_discovery,Iran says it won’t forget friends as M’sian vessel sails through Hormuz strait - Free Malaysia Today,https://news.google.com/rss/articles/CBMiwAFBVV95cUxQa3N2cDJaX25nc2ZGaTFjaGZwTVdLRnhrdFU2NFFpSVcwLXdUb3lCTEQyaF96ZVBVOFdJV01VNWxXZ2pKYmJGRlU2aW4zM2ViSWstNlZrcXZpV0wydUsyWEJGRUNZTGZUWEwzaXMyaEtEZ24zMXNxb1FVdkZlUWgwWjBubmlSX2g2WWR4Z1dtblNlOEZNVk45NkVjcVFPMzQ5UVYxYzkySEwtQkZTY0NxRy1qODVwQjRmUnpyU1dXaGg?oc=5,not_articleish;google_unresolved_news_google
Google News Malaysia,google_discovery,Pos Malaysia and its social obligation - The Star,https://news.google.com/rss/articles/CBMioAFBVV95cUxOcVN1YXQybFNBV0RIZ2FwX2RLXzlmMjJ2dmptZTg2RTBUSDJhSFFBbHdTUjVsVE1uY0dOWUFwRXVGOEFCaHNDcnVJNFFuVnRUMWxVTWxwWWFFQ0Y2M0R3ajd5cXpfejduUjZRLUo2U0E2LWhaNlZJZUZQUXM5b2xOak55LW16cXA4MTFpOG1hTkRkNHdEcDBJdlNhRHBOWWoy?oc=5,not_articleish;google_unresolved_news_google
Google News Malaysia,google_discovery,PM Hints At Global Energy Crisis Impact On Malaysia - BusinessToday Malaysia,https://news.google.com/rss/articles/CBMinAFBVV95cUxPcm9IYnZLOWFmOXRKMXhVWXRrU0hDMThRQ1RBV0RTeVlJc2p2cmY0cDBLdmdyZVA0Nkx3a3dVWmNtUjFwUWNtSkdVbTZqeUZwRjFHNTM2SHVVcGZzVlRvODN1RzVNWFZGaDU1eWlkWFBFNEhtOXZGa2xZQXNkWjRwX0xhTjA1ZUVaXzQzU0hYRU1RNU5wU29CbTg4c2M?oc=5,not_articleish;google_unresolved_news_google
Google News Malaysia,google_discovery,Malaysia only market to record net foreign inflows - The Star,https://news.google.com/rss/articles/CBMisAFBVV95cUxOT0ljTGxjYU1ROGkxcy1ZcW1uQ0Y2WTN4Y2lFMy0wYi01eTVVUlpwQU83SHVzTlBjY2hJQXhLUXZDWl9pczZMZS1ZQzk2T2RaZEdmSmZjWUhoWkEwYUFRUDRMZnZFa2tOeVUxSWdIcmRLejBhbWZVUV9jUkNSUXFudWY1dUpSRkZkXzhqbm40SjVLV1RRbmYzUk1hd2E3b1phX1BFMjRzZ0MzT3RjcGg3Sw?oc=5,not_articleish;google_unresolved_news_google
Google News Malaysia,google_discovery,West Asia Crisis: Fuel Cost Spike 'Neutral' For Malaysia's Utility Players - Kenanga IB - Bernama,https://news.google.com/rss/articles/CBMiXEFVX3lxTE1kbC02eC1tWkZMTi11ODBCR3BLVVhLaWdNcmh5ZHp3UjBNb2dqbkVlZmdZd2tFXzVTOWVYVTlsZFMyQ09FVVB2YkZhRGh2a0lHZUY4LURJVy15M2dK?oc=5,not_articleish;google_unresolved_news_google
Google News Malaysia,google_discovery,"Malaysia Strengthens Global Halal Leadership, Certification Recognised In Over 50 Countries - Ahmad Zahid - Bernama",https://news.google.com/rss/articles/CBMiYkFVX3lxTFBwS2ZCNnRDLUROc2pwT2kxeDVxRklKNGNEU3E2OGpFZGw0aFJFU3YxNVlYVThyN0VzejF2ZzZPWnNDSEhVTDFLYUppaVA5TWkyZDNJcHJ5ZWJfdE5VTDhkNDV3?oc=5,not_articleish;google_unresolved_news_google
Google News Malaysia,google_discovery,Malaysia says one of seven ships allowed through Strait of Hormuz - The Edge Malaysia,https://news.google.com/rss/articles/CBMiUEFVX3lxTE14Rl8xNEtUT0ZacFIwZnY2NFAzM3RJMFN4TE5OOVdOMkMxc2xjNnlzN3NEVTVQaXRNUEpubU0tZXFVQ05KUUloT2l3cnNRaTB2?oc=5,not_articleish;google_unresolved_news_google
Google News Malaysia,google_discovery,"Malaysia moves to tighten rules for expats, raising fears of talent flight - Al Jazeera",https://news.google.com/rss/articles/CBMiuAFBVV95cUxQQWhBMmc4OXVRanZkRnZQM0FUalR5WGhGUDN2QWxfczBwSDJVN2VZRVhwZHBGaXFlX09RYmc5VlFGVzdaeTJhaGJ0VWZ2NnVyLTFXeGhYY3NrYjF5VHh4YkpuQnFBRm1FdU1RR1VxbGZCMUlEV2FkNkpOWkpZUElnVkpZQWNyWW80NzZlN1kzYVViaTZLZzNVdjA3SFBodG52TWZJQ1BPeWxESW5CMEpQOWFKTzVvWGRV0gG-AUFVX3lxTE5iajYzTEZ0UmllaWJIUmNaY1FpdHg0bWFBc0luZm1LNFh4NExRZ0RKQTlYRDEwOFpGVGV5X01KcXhJN01mSUpNTldHNmJ2NWJsSS1jZHBKeFVrSG84bVJzOXVMaGI2Y3RZS3ZCNHlvWjlYSmJPdm1ITFhNcFkta3BEODZVVEg2Z1dLazJXaF9SdW54UVkxd2FJMWxfazhNQU1iQW9oY0dISGZLV1I2c09uTEE3ZDhkMFVQVnZYcmc?oc=5,not_articleish;google_unresolved_news_google
Google News Malaysia,google_discovery,Work-from-home for eligible public service officers in Malaysia from 15 April: FAQs clarified - Human Resources Online,https://news.google.com/rss/articles/CBMiyAFBVV95cUxQNzZfZFBCMFBFVjl2OHdXdDlkeGFHMU9ZanZpV3FNTFY3a1JkdkFQVDhxMVN1T2J0NUFnOWx0Z3JOUDhNR3VJNThKT1owVkJTdjBlMVZibVRLUjhHUWV2REdqYVhySktXZ3VYOUJ4ZWpLdnNORkMyV0h0cXY4RDJsUl9maGtid3BmYjlBZS1laDd0TDZyQklkVFNDcFlqSWRkblc3bFBjd1BsZFlBWnBhanNMZmZiRzZNZXEyXzBHSXNHd1JBSmhqaQ?oc=5,not_articleish;google_unresolved_news_google
Google News Malaysia,google_discovery,Malaysia Airports clamps down on illegal street racing at Kota Baru airport - The Star,https://news.google.com/rss/articles/CBMiwwFBVV95cUxPLWhMU3FuOHd3SXNJNEJsclU0c3hxTkh4c254dnlBLTV5bV81UkVYdV85NF9iakd2dVZSUnF5NkszNFk3QkRXU2NhM3l0a1lKY3k4QmVUUTZ5OEdMSTBXeUtqZ2FkOVgwYzRmUnlOb3NzQmQtWHhINmx1SjE2UHNmQnZNUldhcmMtckpTZlhyaFlQRGR0ZER4QkUxdm1ZdXVvVmVlWG84ZjR6QXlVYU5EbURGbXZPdV92ZzVFOXcwTHNkT0E?oc=5,not_articleish;google_unresolved_news_google
Google News Malaysia,google_discovery,Gigabit Inc. wins Malaysia Technology Excellence Awards 2026 for Content Delivery Network & Web Application Firewall system - Asian Business Review,https://news.google.com/rss/articles/CBMigAJBVV95cUxQVzdmR3pVNGFNUjBCNjNyQzRkdzVaeTJiUlJ0SGRkZHU5RkdzUldtQlZ3OFlwcHBaa0R1ZzU5aFdoZTRhalo3aUk5dWJDMGt1SFFrSnFjU0M5RTF2bmRtcDZrX1RuYlpQc24xR1BQZl8zd1czTXQtR1U4MHlKdnk0NzZmT2tONVE4eEtIeHpEc1J6Njd6UnFmeFVDdmgyUmJWVkdhU05XQnJwV0ktSXRNOUoyWFVra3Q5QVRiTm1VaUZoTTJBaU5MUFZ0dWNfWGFUV2pfRzJIUE51a0Z4NWVUOE5rYmIzWWVXRnM5aDQ3STBtZDNzWjdqZzBjOWRoS2x4?oc=5,not_articleish;google_unresolved_news_google
Google News Malaysia,google_discovery,Bursa Malaysia’s Trading Data Revamp Improves Clarity On Investor Flows -- CIMB Securities - Bernama,https://news.google.com/rss/articles/CBMiW0FVX3lxTE0zNGFSdUJudlhtOC1veEVMNjYzWjR4Rmt2c1BKTWlwYl9CUmlwODVTVm5EbEo3X1RJWEtiTXN2ME9xOGpPYzZjemxNeEJVLVl0bF92Q29Lb0I5cGs?oc=5,not_articleish;google_unresolved_news_google
Google News Malaysia,google_discovery,Ringgit rises for fourth day as Malaysia balances fuel subsidies amid West Asia tensions - Malay Mail,https://news.google.com/rss/articles/CBMi2wFBVV95cUxNSUpVVS1TSTA1N0s5ZEF5MnRXUGE3S3dEOGNtX3JNYVo5enBYQW05SVVzWUM5NENwQXhMUTJoNUVRMG52a1V4SjNfYVRiamhfMVppNHNVdFZWblRJTm5vM09lcFhnQTBkbDZOS0ZGbDhCaHk3Z2FiWVlvWWg5cnNiRDVob01xMDAyYnlhYlp5QWstRFdZOFhrLXJiR2dkV1gybVMtbzF1dTRneVBRT2VyY3gtdGpNVDBFa3B0UXEwTTN0ODZEUDhlRDBReVFMcThrWVYteE01RkVpWjTSAeABQVVfeXFMUFFwZU9hSlp6bWJzZWVCQ0NGblRhUWN5YnZ5Zno5MkFmanNEOVRHcU5hRkpLUWhSbTF2Nzd4MXNoRmpRNHFNT2NGVUVHYXJQVmt4QWtSdEJPQ0t5Y3JyUkNRYjVjdm9ZM1lIZlZxNzRnbUZLbUo0d3BBZ3hoUlpwdm5YcDJPOWNfaWpFeTIwSWlRMk50X0RXM0g5TnhXbnN1cmt6NEVWMnJEbG5TWmJ6b1V3amRuOWpTeV92ejZ0WHNQWnI5eXZUaDdqVmlfVmVtb1hZaFhNNHJSR3hMQnFvNzA?oc=5,not_articleish;google_unresolved_news_google
Google News Malaysia,google_discovery,Anwar: Malaysia not immune to global energy shocks - The Malaysian Reserve,https://news.google.com/rss/articles/CBMimAFBVV95cUxOZ2wxZW9zX0ZWX1kzM2VWdU1xajFHcVFqRDNJbGxwTll4cUp3bG01Rk92M0RXODVKWi1HTDVlX2E4bFhJUk13cklLZEJUOFpmdHVPTURQNXR4NHMzUWRNdTZ3cXZydnAxbk5rTE5kelBPb2h0SnBIOFhsclB4TmJEWW5QVlRNZFBmLURid05HWXJyZUFRTDVNWA?oc=5,not_articleish;google_unresolved_news_google
Google News Malaysia,google_discovery,Alex Tan Wants to Make an IIMMPACT on Malaysia’s Digital Payment Rails - Fintech News Malaysia,https://news.google.com/rss/articles/CBMixAFBVV95cUxQMVA4eWFFVHRULU96ZXNsU0tFWGp2aTVJNEh2TzdvakRQdWp0RjV3M3lhMVQyS2RjX0RpaXhYN2duYU5oOHFJNHZkSUdPLWpNQ3hJenJvTFdoYkE4RDR2UGxQQXRGa082WXFrTWpzYnV4TDFzMGhteTBjakYwdmFCR2t3d2VCSk1waVNYSVcyUUp1NjlxaXRTMGFqbVUyN1JDTktBM1VIdjA0Vko3ZFFabEdVVjBrNmxXRXRlR05DN29HSWhO?oc=5,not_articleish;google_unresolved_news_google
Google News Malaysia,google_discovery,"Bursa Malaysia opens higher, tracking Wall Street gains - NST Online",https://news.google.com/rss/articles/CBMisgFBVV95cUxPeUxvSUpRUC02UUVFUUZYN1RoZXktUk1FbUd3alNGQ3JWcGZTQnBaRFVhWkF6SzREMkw3N2Vackp0dVZJc2dwQVZKYnFKN2F4MFFucVBablNTMGhLdGx1RDhiNkdlZ00wRGdjWk9QQmRmUHNBRDR4V20ta0hfckd2TldfSmpxdFp6LXJJN2VLR1FzajdabDd4V1NacFVnckJHQmptMEdpd3NEUHp1V2t3b3hR0gG3AUFVX3lxTE9DNWlReEhIVTd3dTU0MFhudDRLSHhuYzNwaExUeFQ1RFFRZWUzbGl1X0dMWk5kaUVIaHBIVXpRWXFFWUJtVnpOWWJ6NEVfbjFDZmZBUGNRSlFUU2t5V2E2QmNFcnk1SEdSdERrV3FPNWQ2dm9UcW0xcWpzNXlIdmFlVm44b1VkS0NCOTdSaEZ6Z195amJ5SGwyY1pzbmtyQTFxQTNJaVV2VkRyM3d6Mmd0Sjlab3liYw?oc=5,not_articleish;google_unresolved_news_google
Google News Malaysia,google_discovery,We Think Nestlé (Malaysia) Berhad's (KLSE:NESTLE) Profit Is Only A Baseline For What They Can Achieve - simplywall.st,https://news.google.com/rss/articles/CBMi8gFBVV95cUxNbkFnN191QXpqUzBVVWVuYkVsVld5czRHNUs5a3lFbDN2ZDlGcGhZTm1xcm92NTNWMWlDc3hMNjUxeHlpVFRNWG96NV9qeFN5TFFTY25YR3hCcVdzT1VUMHJsbHpSSEtLY0NuYjlPalZ0eDBKaTVFVmVmdzdVNk8xdlNZdWt3bnp2RFRScFFsbkpyNWhwZlZHeFVGLWZLZkFUaDR0Zk8tTmZJY2hJWk5JcG1SY3FVbzIyTHdrZndtTnhZWlY5VEREd3hnZ24tSHh6d2xaSFgxZlBhR3FLY25YdG9TUHhKc3dMX1JvU2J6bFdNUdIB9wFBVV95cUxNLW9GOWYtaDdual90UjdkUGpGWlNKUmtxd0JyZEZZMDJiNkpTVTZSNW1HaTVCQkJTMkhVOHpBY1R3QUw2enNicFJXQVYtQ0IyMExkanY0dW5yNG9JdTAtb21FNjhuXzA4ejVIQTExT2szcVowNmZRQU9qcnEyRUV6QWdBZEtrMm0wWXktY1dfdzlHWk1XaURiZVRlNDhWUnB6ai1lbVhnNXNOdWhfRVJ3LV94T1JSaGtHcEVPYWl6OC1PNE85SFRveExoNjd3MnVwb0RiV21sWDVnaDlrRzRneGllMVpjWUNlU3ROakw0cEFJN2NZT1Bj?oc=5,not_articleish;google_unresolved_news_google
Google News Malaysia,google_discovery,Pos Malaysia and its social obligation - KLSE Screener,https://news.google.com/rss/articles/CBMikgFBVV95cUxQSnoxcmgwOE5BbUNINEJkenlkc3NLT0lWQ3d0dTE2Y0F4b3NvLVVvZThUeHh6RUFkUVVOSHpnLUpuOFB2V29UYWUzV1luMTIzbF9lMWdTc0gyRnlOWVZWbG1uRDdqTEVBU21XdlN6bUpmaktHaXlpQTlyRkZmRklJNVBrMm95bTJrblQ5Q3RUVWtkdw?oc=5,not_articleish;google_unresolved_news_google
Google News Malaysia,google_discovery,CIMB Expands ASEAN Wealth Platform with Malaysia Launch in Mid-2026 - Fintech News Malaysia,https://news.google.com/rss/articles/CBMiXkFVX3lxTE80b0VTcHZMa1JZU2taTlVfYW5wVlVOQzJSOVJ6bXdVSEZSRHo1YlIzQV81UWx5bk5xZDlWSnQ1RXVodGtJemxvZmtJNmJka1RFWTlkeURRbF9VR0xSb0E?oc=5,not_articleish;google_unresolved_news_google
Google News Malaysia,google_discovery,Malaysia's UTP petroleum engineering enters global top 10 rankings - Vietnam Investment Review - VIR,https://news.google.com/rss/articles/CBMinAFBVV95cUxNR0hSUTd4Nlh1NmJ5Um5GZURfdDlvb2hodjlwcGdNVmRzckd0eUNtOGlYZ3F3V0pXNVQzd3VtVUhVdFZ6NWthZkJ4V2NJMGd6QjBaWGsxc0UxU0ZOaVZZZ28zRWZCY0Zyb3Jjc3ZUUXBES01HQWFmRC1UYXlkMzhSQlZGOHFqcXpqTzY1ZmNtckF2VkV1NEtfUFAtaFg?oc=5,not_articleish;google_unresolved_news_google
Google News Malaysia,google_discovery,Construction Costs For Data Centre In Malaysia Relatively Affordable - BusinessToday Malaysia,https://news.google.com/rss/articles/CBMiswFBVV95cUxNZzNaZXpDbWo4Vjh4LTRrZWdWSXFqV2cwTWxTZGZNTFA2NzE0N3Q0ckF0RVVwR3ZtMFdzQlVZcFJvZWRPSE40ZnBTRkpjdno1VkxlazZzb1lZTUlVVFR3MjZLUktwUFBpZFZYQlZxLVRjTlZuVU9QaWJhaXVmUF9hMTJGU1lOWllZQ0RLZDMzeHpHeW4wN0tEcVhOZm5aMWdCMEtMRlROdzlvcVZrNW9mODZhQQ?oc=5,not_articleish;google_unresolved_news_google
Google News Malaysia,google_discovery,"Hong Leong Offers Portfolio Financing for Wealth Clients in Malaysia, Singapore - Fintech News Malaysia",https://news.google.com/rss/articles/CBMid0FVX3lxTFBxR0tiMTlUbHFHZmJycUhFUzZCdWhBcXU3UEJNQnppNXJRNmUyVmEtcTY2Njl5ZlRHT2dBZ045WUFvREdobEtIMjNHMEhIZG5ENEpvbGhoaFJEaDZqeHNyV1J5OFVUa0VXYkllS0dNS2lTX2t2Vndn?oc=5,not_articleish;google_unresolved_news_google
Google News Malaysia,google_discovery,Snap polls for Malaysia in 2026 unlikely as PM Anwar bets on riding out ‘corporate mafia’ storm - Asia News Network,https://news.google.com/rss/articles/CBMiuwFBVV95cUxPMFFBLWJfdE4wYmdxTmJjWndpTi02dUQ1ZG9LSlFZNE9kU2ZOZGU4bnVyaFg0WlAwSFhiTVdEWVNiSGRRamxQTWZkUEJwbFNTUGdmVDZnSXNIT1FUbWd1UFJ4b0ZHU0NzQ0wweUtseEVyNmtfYU13QnJ2TVZFanlBMzlfNDVQTnRva2lRSmNOaXZERFhaQS1CNWNuU2dyY0N1TEVxcFFsNmpJel9pZTVrTXBzSUlzYWd0T0l3?oc=5,not_articleish;google_unresolved_news_google
Google News Malaysia,google_discovery,Talentbank Announces Winners of Graduates’ Choice Award 2026: Malaysia’s Top Graduate Employers Revealed - The Edge Malaysia,https://news.google.com/rss/articles/CBMi4AFBVV95cUxPZ0FWamdQcF9iVXcxRFI5M0VyZVA1VkNUQmFrQzBMeFpwTjBXUkRVcWkycm5ZOHdWWTdVcVVNWl9Ib2VNWWtsSGM0ODVxa2N0ZjVrUnVTRlF1N3hQUGEwdVp4c3c3Zy16Rms1QVlPbW5ZS2Nfb2lVdlZCU2N6Ni1LUnJMSGlCQm9JTkYxWEx6MGNESkp4UHE2VjBwWHpUYmlqS0EtbGs2VUgybmVDTU4zUWlMS0VUbFAzTGg2a2M0TlAyMHhvankxVDJkUm5xUUJ1SmlEdU5FYV9ycmo2emRYSA?oc=5,not_articleish;google_unresolved_news_google
Google News Malaysia,google_discovery,One of Seven Stranded Malaysian Vessels Passes Through Hormuz - bloomberg.com,https://news.google.com/rss/articles/CBMirwFBVV95cUxOTHR4T1E3WnRsdGNwLTY3LTlDa1BsV0xjQW5Sa19jLXFXUnFWTEhaNG80Uzhyb1FMbEhwdHc2ZWRVUWFEVUpNZGRtNW8yMXlwQVlpY3NBdEt2d2pmUnYzVWNKWVBSNlNFWFlPcHJFNDk0TnIwN2JIRWJHQjJqT3lSTlpsVjJyam5IQUFDV2ZkSkVVVWFpUk1RVC1aZDA3OC13bHVJT1h3dEc2RGYwazZV?oc=5,not_articleish;google_unresolved_news_google
Google News Malaysia,google_discovery,Ahmad Zahid calls for comprehensive boost to women’s empowerment - The Sun Malaysia,https://news.google.com/rss/articles/CBMitgFBVV95cUxONUFZSUMyS1FYZUdSX2s2MGxodVkzaEMxRXNMMWdkeFBxV3ZxRW5LeV9MbDJiZFJXVUZlMnYtV3lnWmRjcFBSYlgzbkFDZ2tiem1uZVZMQ2prb2xCOU5fS2ZfejM0elhJVTY4T2Q1cmYyR3Q4TVREa2M3QUc0RGo2SW9vNDZVRmF3VVVLc19tM2dCZGZlekVjNElJYmhsUFNSRHZGSm5qZnFLNHl5X3JVYWIyWmVXUQ?oc=5,not_articleish;google_unresolved_news_google
Google News Malaysia,google_discovery,Malaysians adopt varied strategies as global tensions threaten supplies - The Sun Malaysia,https://news.google.com/rss/articles/CBMiwAFBVV95cUxNUzVJRkZ0TktReTdZOW1CeE1oZFdnUTNORlNVVVdCX2MxbnFLeE5CdUdPMDgzY3BRTE1mV2d0QnBXTVFrNjN1cnlWbWhiczJYVFJueWlSenBKRkVGVXZ4VFd4cVdDenVvTHN2bloxRnFwaG5UdUpvMUVjakpUdnRlTGlUaXlrUEZCZ1AxQmN1N3cwZDY2aDQ4YzZGSDkwMEszZ3hLM0VzaExBRUNfS0N2NHpQSTh4UmFiUTFIcWZraWQ?oc=5,not_articleish;google_unresolved_news_google
Google News Malaysia,google_discovery,Malaysia Airports Tightens Control After Racing Incidents At LTSIP - BusinessToday Malaysia,https://news.google.com/rss/articles/CBMisAFBVV95cUxQSV90WGZzV1VORlR5OWdNWWt4b1VxdnY3T29Xam84QWhrZTlSMjFyaW1kTnNzRjJVUXJ3MXlJMzA4UjdmdjFGNHBXb0loNmtVRG85UmVkLWY0VUJVM0hhWEd3ajhYc3Rjekt2TExfcms0OGs2VkpBYTcxbkczcE1kM3BrTXFLc2dFbmJmYWVSTXhIRGpnb1dzTGJ1QjQ4RkJyVG1KS0hYZUJWZWI2RFpuTA?oc=5,not_articleish;google_unresolved_news_google
Google News Malaysia,google_discovery,Liga Super Malaysia could be available on eFootball 26 soon - TechNave,https://news.google.com/rss/articles/CBMinwFBVV95cUxQZTBXNnBlRWstMXNjZlJ0MktRdEo1VUh0NWQxcXVrajVqNTcwT3ZsaHViQWN3UkdHb1FCanlFc0NRRzNaaDlmdGR1SzZnWjBMVXgtWEpNY3RtRlJZTVJNbGJpSnNnTzd2NjdkZUhGY2ZtYldsVzRQdnI3RmZ6Q0w1eVZTUFBfRV8zWmtzRVlPVGdCc3JKNHpGckh4WXFOc00?oc=5,not_articleish;google_unresolved_news_google
Google News Malaysia,google_discovery,Fuel subsidy misuse: Intensified operation in Malaysia leads to US$496k diesel seizure - Asia News Network,https://news.google.com/rss/articles/CBMirwFBVV95cUxOek83SmdrVDdBU1pHRTBiMDRFbm5EamVoNkNVZ2ZjLTRwb1REVV92Y0tWY3hsZDFEUU0yMFFKTncwYy1MNUxreGRMOW8zY0xGRjJQRFVHcHdEV0RhUG4xVmNsSVNjaWJIU3dMMTFMeGEwWFk5amFFYVp1REl5MWxhaTBhMTRwTmlaTHhaLWpzT3BMZzBmWk9jaHNuZXhoZF9ya1k3dWRVN0lKYWlCSE9Z?oc=5,not_articleish;google_unresolved_news_google
Google News Malaysia,google_discovery,Bursa Malaysia lower at midday as West Asia conflict continues - KLSE Screener,https://news.google.com/rss/articles/CBMisgFBVV95cUxOU2otV2N6MHk2b3YtNnFWZVV3bGJteXd2YWFrb3dOZkh4YTBGaVR3SkZwRDFWczA5M3hYOG1pdE9IYkhGRlZsYmFYaGxndnBGSWhMWk9HRTNSUkxuZk1VanAyTXBOS1RxbmtHelVfcTV4WmhpMi1abDExOGlWcmJCa0xrX2tBcUQzbk5ZUllqT25La1hEMW5uUjZyYVpYaVZIMTlJU2tzY3JVa2xGZXd3WXV3?oc=5,not_articleish;google_unresolved_news_google
Google News Malaysia,google_discovery,Why farmers and traders in Malaysia are bracing for a veg price crunch this April: What’s behind the Hormuz Strait connection - Malay Mail,https://news.google.com/rss/articles/CBMijgJBVV95cUxQUU11YWF0aHRqTHBKNk1mWmhLRk13a2lOdUhMVEhtd3gtQi15VHR5UW4zOEJmZi1MVG1qSmtQWGMxaGpGRVJfbUpHZVpzUDJ0VnFfMVRnOTZOMlRxN2tUNUZDaFNGNE1lWnVRZzZFdjNLbHpwU21zeFJiT0VhVVVXRUdwaXNOT1BvMUVfZy00MmVEaU95SllXTnVxS3FOQklyNHliYWxwQXpQc0JKZHBENnJjUXItdk9SU2Y0NkpRSUl0a0FlZlpXeTlMa1dPd0hYb194anl6anNlS1ltcTZScWxnUXIxeC1UMFQwR0dHU0w0WFBXbDNLQkdkaUlSSVJZV1dWVXFicmhEdzdiemfSAZMCQVVfeXFMTnlDa3JjSF9ORjVTdWRaU1R5eFpjVDJrd2w0UnFTZ3Nhby1TNUV6Q0dBNERLZlg5VkdiNURPVmJjNkpoZUNFQnVyR1FRU0wwVUNNaTJ3QWxGLTQydDVwRW9Ba3B5aTVsRWUwS19JSmhiNXBZZW1MVmd0czVlSlpSMDZCOUl4a1kyTDRTaUp0MGlJTENhbDg3VThCd0dZUzg2NGFqWWdkMTFXWWx4TzQ2QV9VTG5XRjdaZnRJLUtkZ3JwMGpmVXg2ODNremR0ZUlyYnpDenZCOGJlMzJmM2RNUlVIVFNMUVU5WEhqUExqWGxiVGhHZ0JNX0c4YjBaWWZwcG9yMjBrVS03RmZ2WVRXRWVvcms?oc=5,not_articleish;google_unresolved_news_google
Google News Malaysia,google_discovery,Bursa Malaysia trading data reclassification kicks off today - The Edge Malaysia,https://news.google.com/rss/articles/CBMiUEFVX3lxTE90eWowZjVXa0p2ZUxSLXJOdV9WcVlUNW5yaXM4cXB3eTBIbzJJbTg4ZU1rd3J3dWRmR3RyTjJMM285R0xyNGs2bnA0dzlRbW44?oc=5,not_articleish;google_unresolved_news_google
Google News Malaysia,google_discovery,"Malaysians stockpile food amid fears of rising prices, not shortages - The Sun Malaysia",https://news.google.com/rss/articles/CBMiuwFBVV95cUxPRnFqZVV1T3VQcEQyUkNvcW1tNHF3MFI3bTVZOXNDVHF5MGx5UnladG1jeW1fdDNLN1JWOGR6MlIwVlBIdzcwY1FRclVZN2MwTFZodmt4aENoTkNEblRrQXVCNTctMGI0STVkM0ttTFQybHQyczVxbGV1cS1qcDEzQ0ttcTRLVXBIMXNObjhFZ2x3djNJSE9vWmoySDZNVXZTaWZoVFo4S2NnNFZ4UVExanNCUHY4ZHdEZmtj?oc=5,not_articleish;google_unresolved_news_google
Google News Malaysia,google_discovery,Malaysia Cup Semi-Final First Leg Review | Selangor FC 1-1 Kuching City FC | Equalise Comeback - Selangor FC,https://news.google.com/rss/articles/CBMi9wFBVV95cUxOUGo3MnpReHUyZS1YdGdwN1V3X0pIdVAyWVRRUlFybGFLTzE1aTBHYXNjU3dvU0lEWVNtbTh3Z2F5SUdaeHplTVRUQWJFeVZyWlBVSlcwaXdja2JzQW91SFgyRDNDNjk0MjB1ZW9QbDJyM1JFckpGcmUzaWFjTWJPMTFYOFMxQnZRRDZBaENBcUNRaWlmc2RnVnFmVUltdjlBOGVIRkNwSjg5WVBHU3pHQ3ZnRTI4TkE5QUNMV3NpbmM4ZEJMd2sxUWVsaFZMX2tfZG5PVXhQZnJsdkhsc21rR0RPbGcxT2R0Zy1YSDBnWk9KVVY1eTU4?oc=5,not_articleish;google_unresolved_news_google
Google News Malaysia,google_discovery,Illegal e-waste factory raided near Malaysia’s Simpang Pulai - Asia News Network,https://news.google.com/rss/articles/CBMijgFBVV95cUxNRDR5ZTk4Vmx4d0FuV2Fnc3FFWVBsbkVvMWJBbFlaX1NLUXZGWllFMWdSYWo5TS1vdHAxZ1p0VzRmdXJ3LUJCc3hXMHhCSjRLZHFQQkU0WjQ2NGVGc2Y5MU1qN3d4LXRjZm02NV90RkRlX0ZjT2hQLU5GOHlJckw5RXFITU95UHNrcmFlZHhn?oc=5,not_articleish;google_unresolved_news_google
Google News Malaysia,google_discovery,What to expect on Bursa Malaysia this Tuesday - Focus Malaysia,https://news.google.com/rss/articles/CBMigAFBVV95cUxNOHBvcU9WamNFQTVITllaUnNIcVltQ0RId1VzS0J5NEQzWUxLRWZEZHRTVHlROVdhNDBPaFR5Znl3RHAxS25LR2Q5X3ZyWkh4dl9uTFljWDU5SzVHUHBKTGN2ako2THl6SFcyVnNialVkTjR1VnMzZUNkWGowZ0dpOA?oc=5,not_articleish;google_unresolved_news_google
Google News Malaysia,google_discovery,Malaysian-owned ship passes through Strait of Hormuz - NST Online,https://news.google.com/rss/articles/CBMitAFBVV95cUxPZnltYWFNVkpfR3YxYUVZVXhQY3ExYU9aR0k3eVpLaDJaYThyR01lOEJEYnU1c1l1M08zalBiaU4zaWI4WlNoN055UVFlZHB1R1ltamRFUl81Q3FnazFZOTJfdUFhV1U1X3JWTW1Ta2dPRkxsWktqS1ZKMU5FTjRtWlFVN09WSC0wNmt1X0ZLUnNmcTJzcDVpM1pVUjNwaHgwZWpEMFEzQjl1YXFsaGZpbWVJcznSAacBQVVfeXFMTVBHSnZwZ1d6Z0JoMzlRMGVXcFU1VEppMGhfbGs4ejF4WDl0QlFWdnMxc1FIeWxiVmxqSE5VeGc5c0lYcHdWTHU1QkI4TkN1UHRGbHRPWG1ITlhVNF9fRm81V3ZRUFNtSWNmYjF1SGJDcTY3bHdtdWVuUThOMjVxOHBHMF92RElRV1d4QUlqTnNEVERKNzljN0JaU3dJNDVSRG03SVRLMFk?oc=5,not_articleish;google_unresolved_news_google
Google News Malaysia,google_discovery,Crafting a culinary milestone with Malaysia’s largest dumpling - The Star,https://news.google.com/rss/articles/CBMitAFBVV95cUxNN1NoczRTc2JZUTJsbzN1T3RWdVR3clNlZVZJbHo2UU5RUnBOREhsZ3pQRktzVUF2MWlKeUJSV2JRRkhRQ2UtN2NsYS1hY19lZ0NYSWlpSWNwQ2RLUnJyQm9Xc3dMdWVYZkdWQjZ4bnEwQVk4MGRqQ1pZaHFURnBhbDB0Y1JOUkVmbGZJb3pIZENuZmJMMjRrWFhNbzlYUm9ldG9SZ0xnQnplN2Y1MWdDOUdrOE4?oc=5,not_articleish;google_unresolved_news_google
Google News Malaysia,google_discovery,Malaysia Airlines seeks hub role for Kuala Lumpur - bangkokpost.com,https://news.google.com/rss/articles/CBMipAFBVV95cUxQS1NIZHYwaXJjbGlxV05XYnlEZEFmMFpPMVJNMG9SVnlON0xwRWVFZG1NYUdHekcxbFNMTG1PVFFzV0xqekFnZEJwZTFPZG1LVEQtXy0yaXdWemQzblhOd2JsYXM4MXFsOXVYTlEyaFhuZVhMYmRtN3VaTS1rR2luM09yaXloUG9hclY4eWV5U01taWRUNzNLVEpWSHdLSktVTTRseA?oc=5,not_articleish;google_unresolved_news_google
Google News Malaysia,google_discovery,"Bursa Malaysia ends lower, KLCI retreats 0.86% on West Asia tensions - The Star",https://news.google.com/rss/articles/CBMixAFBVV95cUxOSFR3NjVnZUo5SWlxM1laWU1DUGFhenRUYXYtbWJSR2l6MHptTVdlUG42NXRoejlBNHdzSVhWcnJUbGVBNkVjT2t0dXpnMGhXbXdfMXY2N19QUHhSMXpwcHZ6aFI5NzUyVlRFUWVKaTJ6VWdfdnZSNTh0aEhOVFdoVTFrMzJScHItbGxlTUw1dW9JQVVqMV9VZU9udEdwanRHb2NZMG8wX0FreEZEU05jT19OSHFLYmlmMGs1UUhLTk5OUFVB?oc=5,not_articleish;google_unresolved_news_google
Google News Malaysia,google_discovery,CPA Australia: Malaysian Small Businesses Urged To Adopt Productivity-enhancing Technologies For Sustained Growth #SmallBusiness #CPAAustralia #MalaysiaBusinesses - Media OutReach Newswire,https://news.google.com/rss/articles/CBMihwJBVV95cUxQYjFDM2VicnFkeFlKdFVXcmRBRzVQRmMwcFVXa0QtZGxiUXJrRTh0bWh0YUpfdTg1MjhadkpjaG94cVdvbzJOLXpjLXNfQ1BmdFpOOUdCQmFFUjBSWkR3MUt1QkFOYXg4cnMwSHY3V2lVQXZsbDh2MGRKYzQwS3RiaHhTcVV2MXVOQThmdHdrRnVWaDQ4dHNLQ0oxZm90STRSXzNINW1PLUQ5dzdGWXA5T3phXzQyNVZXVk5CQzQ2QUZoSDc0dFNTOWE3YWhjLXUtMTJ1MHhqcFNNeWZJaUFaM3ZuX1FRZlhJdzh4RU05a2kzVWM2dTk5bWpYOWZRTkVseU5vSGI5OA?oc=5,not_articleish;google_unresolved_news_google
Google News Malaysia,google_discovery,‘Tumpang lori’ puts Malaysians’ safety at risk - The Sun Malaysia,https://news.google.com/rss/articles/CBMimwFBVV95cUxQcDNtVVhhVHFmbzA4aTVhV0ZqWHVpdU9sLUFmQnI0Wmx4VEFzWndPbHhNVkdHWWc2RzM3UjRiVTU4S3d6SXg5Y084Z3hYcFpPQnNoWE1oTmlqdUVLSWZmdF9aNG9tUW5mNW1oUWQ4TGFiMElHTFdrS3l6VlptRzJydTFHcEVWTTZEYkJyQXF2X0N2Q0tEOGFXY3gxbw?oc=5,not_articleish;google_unresolved_news_google
Google News Malaysia,google_discovery,Malaysia secures safe passage for vessels in Strait of Hormuz after diplomatic efforts - The Vibes,https://news.google.com/rss/articles/CBMi2AFBVV95cUxOU2R6X2FzZUp2ZTl3RjdvYkVvNHFzUWNYMzFtN0x3b1V2R2JBejlIcjdwUFE2eG5ldXhkbDVzdk5NS0NhcFJKSkpOWkhCRkpwMkFVeHlnVXIxVUxjX0Q2a0p0cVhDMmVEREU0RU56a3lTRFBtWEhLU0l3a2ZkQXhlZ0RENTBHM3E2S3VUNkVKS0hobGR5VUpnbmpleUltMkhWOXJhTVU1aTNwdHRJVENmOTJDMEhCMFp4MmxidGEyTGsweVAxamt2Mm9oSU8xZC1Wd3FkNENvVkw?oc=5,not_articleish;google_unresolved_news_google
Google News Malaysia,google_discovery,HIGH COMMISSIONER OF MALAYSIA SIGNS CONDOLENCE BOOK ON THE DEMISE OF IRAN’S SUPREME LEADER - kln.gov.my,https://news.google.com/rss/articles/CBMi7gFBVV95cUxNS19PRkFfSjFmYUxhZzdIV0lza29WakNFaFVQWnZRZ2sxNUhGUjFtRTdnSXU4dmFmd1p1bzdwSm5QMXA1Z1kxMWt1enV0QW1Jekc4Snk4X09HTnYxN2VGbzBJM2lMZjRkYktXZDNwNWw0Zm5zQjJIaW5HQ3o1MXRkblRjb3o3TnRfek5Ka0tBVUp6MzMwSXRTeHpCaGlSWEdPZl9XT2xiZlhvamlmUVVQcW1CczNKb1Z3bmJoN2pWMHBWLXdJRWdaVDdDZUlxdEZIa2pHcXVMVHNyWWU0WlpSUVpjb1JLRWRhVlZ6c3dn?oc=5,not_articleish;google_unresolved_news_google
Google News Malaysia,google_discovery,"Greenpeace joins Malaysia-led flotilla to challenge Gaza siege, over 100 vessels expected - Malay Mail",https://news.google.com/rss/articles/CBMi3wFBVV95cUxQckVXaHhjd1dfUFhaSUx0VHFnOGwzS0dua3JmQUgtM1c3c2NQQXpwZXBoZWc3d1p0ZVFlVkFadE9kdm8xQUtVeUZoSnRJU19PV042ZnI0ck5BRW9ySERYZ3lhLVhTNmlKeVA1UVJTWHJPbW42cS1lYjN6ZmZZbHVhMHBxX0NpbHJ6UnJOc3hLUkZ1bGQ0THhxWHVOS2lqMnZkdUVGZk81eGY0eWRzb3QyVTN0YjBCWVA0dFNXTnIyLUN4em1UaG1HRVFINnJ0V19JYi1mV3VVT25ROTd4bXRn0gHkAUFVX3lxTFAzdjQ5R2plQldvbDdxcU1OenVoU1VONG5FNjdQeWZwbkM0Rjdwd2lvSG5IbmhPQXc2bktKWWQ0T1lOUmZLNUlFOUNpSXU2eE5kZE9ZSWROWlRTLXpzVlFUeHpFXzROd2pGZk1xcXN1S2ZOWG1COU9Hcmx0Yk9ZN2dxRHRqbTg0dUhpWXR4bUFZTFR0UEI5elpRYlJGYzlLTDZ1dzQ5SlZXcVpMbFFjTVpkU2ZBVm00OUxmSGRDZEpaM1N4c2plakp5VnNTUnZWa0dCQU1ucllGemVmelVxZnBIRjNRSA?oc=5,not_articleish;google_unresolved_news_google
Google News Malaysia,google_discovery,Malaysia operates newly acquired Anka UAVs - Janes,https://news.google.com/rss/articles/CBMiogFBVV95cUxOdnJLSjQ1WHZHY2YzVk5PRi1WZWdyM3JBb0w3cHBaNzJEYW9wa3hrdzJvZXJDcXptMmxDRFpnY05zZVFDZ3NDRjNDQmRPR3I3Z0F5cE9tY2U1akVGS0Z4VmkxeUdENG1pX3EycXN4Sl81d1JJQ1MwZzFNZk5YVnd5S0Z3aks0QVkzRGpOdUpzdUVhc0w3WVdtM0hUWWExb3lrcXc?oc=5,not_articleish;google_unresolved_news_google
Google News Malaysia,google_discovery,AmBank backs Malaysia’s Weststar Aviation Services - Asian Aviation,https://news.google.com/rss/articles/CBMiggFBVV95cUxQMnRsSmYtTnJxV2dRUUNXWUlaaTJrWGphS05pd3NqQ3RxQV9jNDB4aTctXzA4dGZhWmV3WmUwaDlfbXVXRm44WTQtZElYOWkzbWJiaWtwX00tMnprTkR0QjhTcjlKV3NEYmdsMXcwQ2JyYXB2blRKVXlJaVdMQkEzZnhB?oc=5,not_articleish;google_unresolved_news_google
Google News Malaysia,google_discovery,Kia-Carnival-8-seater-Malaysia-Apr-2026-18 - Paul Tan's Automotive News,https://news.google.com/rss/articles/CBMitAFBVV95cUxPSm5hR0lyY05aWVI0ZnBxLWdiVGVOX3gxekh0bzhqN2V3bjVDRE9YVldhcS1sTkdwaVVpcThSTVRyQ0t4UjA4SEhhNXFPQ0VIWUNobV9sQXhUNEt4Ql9rdUx5YkIxb2RpM1I4RVN4M29Nd0ZKN3hzcHduQjZIcWZWNGxxT1U4aC1lbU1OZWFOel9adE12cFRiZ0ZtTnN6c0RBVGR5bTk4Rl9KTjRBeVFfLUlYVGo?oc=5,not_articleish;google_unresolved_news_google
Google News Malaysia,google_discovery,"'Iran does not forget its friends': First Malaysian ship passes through Strait of Hormuz, says embassy - The Star",https://news.google.com/rss/articles/CBMi6gFBVV95cUxQcEwySmpYbEZWTlZrRHRBMVJ5cHd3YVNSdWtfaEtULUphUDVNRGlIRjhoWklaRzZyTF8wZ1pCQzRnS0lLUVVmbk9TR3hvOC1wMzFJRUFKbGtFQ0xGZDN4QWFOQmZuOV9KQTY3SGVySmJDTW9BMmRITFZ5SWNvTGpoTEgxWlo5RHgyZTBsdmctWGxLaGlaQTRTdmNaSFhjSXdiWi0xXzhRVUl4cGlOTVMwMTZhLWo2c005NGZ3QWlrbmJGZlltZnlWQnkwWXFsQU1UUWpUVEVERlJ4d3F1UVltTTNYTjdXeGdfZmc?oc=5,not_articleish;google_unresolved_news_google
Google News Malaysia,google_discovery,Bursa Malaysia reclassifies investor accounts - KLSE Screener,https://news.google.com/rss/articles/CBMimwFBVV95cUxNU0xIazFWRzB1eHpaeVVXaWpHeXh0MHBBY19sa1h2N08tODEydXRnYmFpSGpQZFVsdUZhTVRVN0hxNHRHR3JLb3ZkeUZVRUhIT2tnNDhDbGRfblpTZkpSbTFPV1ZUMm5pTlc2WkhWTHd3b3Zvdkx3V3lrNVNuSkRWRWlSTHoweTcxOFJfWlRoS25JdkxoSGlnajV3bw?oc=5,not_articleish;google_unresolved_news_google
Google News Malaysia,google_discovery,First stranded Malaysian ship clears Strait of Hormuz after PM’s call with Iran - Malay Mail,https://news.google.com/rss/articles/CBMi0gFBVV95cUxPeVNLaHFGRkk3SGlBMjBKREhGZUhGYm5XNnB3QXRYVlAxZ3JXWXYyMVA2X3dEV0h0REZKVkl3TjhUSXpNV3lGSGRvM1JUd29vR0lBaFVWTWxHRGRDeHROS0pfNnl3SXYtMm1veGZEQzM2R3U5aWFzbWNMRmdUbWdqdjZnaUlRYTVpanN1RGd4b2hCdjIyTkg5TThQWG5BNEVPMW55aExzOFdac1FoaDJrdERmV0Z3SVBhOE9yUUhCUWQxTy00LS1xVWdYdFVVS0VodEHSAdcBQVVfeXFMT0RsSm9xNjVXRHVHdl9DQ2JUNWVoUkZ2M0tvSk5sdmZoSEcwd3lBTkQ4LUN4N0ZFNzUxd3RkTWJuMTQ5dk02U1Y1Y2VJRVRsVGw3YXhVSGZ0SnVNRGloWVdCYjBEY3VDUU90MER6Y2tBUk5xRTJGTXNxanQzUGRYR1E0UGpNWVQ4SFBibkwxaENETVR3akF1YkpzaTlLQ2hQLThYMWFpenlKQmtxMkZRSmZFcTFiWUIzSzBwT2Y4dkRGcDI3dDZVejl0YnJRbGVwOTFoSlBXLVE?oc=5,not_articleish;google_unresolved_news_google
Google News Malaysia,google_discovery,Envoy praises Anwar’s “principled” stance amid escalating tensions - The Vibes,https://news.google.com/rss/articles/CBMirgFBVV95cUxONFBNUDVvazc2ck1PRGk0QUkzRTItNmFBODNpa1pyVlBRRWhCeGlRdGF6NE5WM1FrSlR2VFAzNHVmbV9TR2dVUmV2Z2VpM3ZGMjNmSWd4RkFETkJfQ2RFOUNYaGNweG5RVjUzc2NmVERwNGlGVUsxVDZYTUZkeW5Gd2ZwazhiajBVcU02ME4xdWVENy1YdHJLQUVjMnUxR1RIdkliYW1uN1Y3M2xSMEE?oc=5,not_articleish;google_unresolved_news_google
Google News Malaysia,google_discovery,DPM: Aggressive measures key to Malaysia breaking out of ‘middle economy’ trap - Borneo Post,https://news.google.com/rss/articles/CBMiuAFBVV95cUxQZnBlZ3QwQURFaWxYaEtLaG81Vm4xWGxNQzQ4S0thRHp4dkprb1BiUk5qZzVWLWlTT0VvTzZkSVpuSTcxSTllRDdwLWZ0ankzdlljcWhkNmp6YXNjZmlELVp6aGxGa2NVLVBCOUlCUk5QdmJHdW9TMU91aTRNM3pqeWFVVTN0OFJUNDhxWHI1VHkwWDAxd2pldTRWSGdjVThJemdZRHJGYmNoSjJjU0ZKT1Vnc2lNTGlI?oc=5,not_articleish;google_unresolved_news_google
Google News Malaysia,google_discovery,Don’t add drunk driving to Malaysia’s death penalty list - Aliran,https://news.google.com/rss/articles/CBMinAFBVV95cUxOVHNTbTlremE1bmhMV19kaVkzSjFma21PUzZaS1dQZEJ2WEtEb1RkeFdYcDVKazFva1J1Y3VTVVNwalFST3d2LW1KeWkyWjN3bE4yRlN4eVRHcXBScXByMXhBTnAyTzMzSFkzZGItMzZ2Vlg3WGRjTXRJUFg5OEhKWGlHZ19FS21rR0xIQmhMTmZvVG96SDgwVWZTaEM?oc=5,not_articleish;google_unresolved_news_google
Google News Malaysia,google_discovery,"realme Pad 3 5G Malaysia release - 8GB + 256GB and 12200mAh battery, priced at RM1699 - TechNave",https://news.google.com/rss/articles/CBMiuwFBVV95cUxQV0c0TjhXWlFGa2xrZFF1d3NRMGo1dV9qQWRza0otcGZDdW9ZZmJRaVJwWm1Ub3lEaVRzckxfTER6QTdZZzdpTWlKaWdIdF9ldEQxRmFQOGdUT1M1bmFVdXdoWkQtdGgxOWpQOEpXLWRFNW54bmNrRjRDWFFjaUxRcklXSEtRaHVPUzk5TlZKSE41UzAyYlpKNXRiRnRtdDJfSURGMTVpOEI0Q1RPZkhzTks3bW14NVFINGdZ?oc=5,not_articleish;google_unresolved_news_google
Google News Malaysia,google_discovery,Kia-Carnival-Malaysia-brochure-Apr-2026-10 - Paul Tan's Automotive News,https://news.google.com/rss/articles/CBMitAFBVV95cUxQVmtRSU81NlcySnBscVpiZzhfcVN6c3Bya0ZHWUNncXpheE90OXdJbkNwdndpd3J1b2N5SGhBcUxBMFhjWlVnVUo5TFNGWWRYY2s1bzNFNTNaZEE5aS1YMmpzd21xUEM4T3pma0Rfb1JJM1dabDFENkVPczlyeEU4b0FVcGd2NW1Mek0tamRGUFppOXU3RU1xVUFUNk11bTExbHMyOENCdXF5LW02Y1BQWmprSGQ?oc=5,not_articleish;google_unresolved_news_google
Google News Malaysia,google_discovery,Kia-Carnival-Malaysia-brochure-Apr-2026-9 - Paul Tan's Automotive News,https://news.google.com/rss/articles/CBMiswFBVV95cUxPUzlMNjJ0cXgzZjBIZWpWaDdjVjl5U2c1ZUhycjF5OS0wSFk4STVJNWJORXVPbWR4dzlGX1RVRjhBU3A2b1FPZjNzWTMxYThCRUxWcXA3MmdMYUZ4WDlxYnVZTVpYZGNjNE5OTmdTV29EMDZCc3F0NWFjdnZGb21zRVNQNkpRZGtBN2xqbXJNYmVsYldrOWRfcTZjZEtWeTM5NkV1SllfZUtfUVYwNkZNSC1SZw?oc=5,not_articleish;google_unresolved_news_google
Google News Malaysia,google_discovery,Kia-Carnival-Malaysia-brochure-Apr-2026-7 - Paul Tan's Automotive News,https://news.google.com/rss/articles/CBMiswFBVV95cUxQT1pkR3V2eVF5SUMxbnE5V2lSOC1mdWN1UmJjVWFOLW1UNkZzSW0xQTJjRy1BMWdDUEZnU3NhRTJlUy12eTE3RmVyeGhPUWxVeGZwaEZoWHdiQVBia3dWeTFVOXhRSTNNREFnVndoN0ozaE5IalhQQlA5VnFsN1hsQjVieDJLVVNBLUxKRDk3Zi1mWnlmb0VjSGx4bDJjRHdiY2tuQjZJeDBlcnNaT0xPUWRjbw?oc=5,not_articleish;google_unresolved_news_google
Google News Malaysia,google_discovery,Kia-Carnival-Malaysia-brochure-Apr-2026-3 - Paul Tan's Automotive News,https://news.google.com/rss/articles/CBMiswFBVV95cUxPZFFsblFVbjZMS0N3eUJFN0JBWXlVOF9kVFFEd1dsRFVLQ00xTm1CdVY1YmdhbWlENm5jTFgyaERTX19ieGdvRTF4ZGVfR3gxbTE5d3pYUEstcWEtZE1uQ2pMTEhUYS1TMDlZdTlsUTlSRTR4alRIZ2hBZnhWXzQtSDd0NWZqRU1zM2ZTdlNEQlJOVHlOMkdDS0I1M2djbTBYbnBUQVVmMnlJU2I3N2MzSmNFMA?oc=5,not_articleish;google_unresolved_news_google
Google News Malaysia,google_discovery,Kia-Carnival-Malaysia-Apr-2026-range - Paul Tan's Automotive News,https://news.google.com/rss/articles/CBMirAFBVV95cUxQcWFmZ1NxSjF5XzN6WGY3c0xCb3BseFI3bVpROUJLS0R1SFk4N0NqSlY0aDV3dzQ3d0t4c3U5LTVBR0U5SVlpRWwteklpaXpaRngxSkpDVjg2ME9pU1JITnhkUHVyNW1mWjkteVpMaUlHelV1T3NBTGloSzZnbW5MY3I3Zzh6X0Y4Wkw1N3BscTN1NXpqVnF2RFhJcVJhVWRxbDBjTy13Z2E2RXh5?oc=5,not_articleish;google_unresolved_news_google
Google News Malaysia,google_discovery,"Malaysia to deploy cloud seeding to hold off fires, replenish water supplies - Qazinform",https://news.google.com/rss/articles/CBMirgFBVV95cUxOVWU3Yk9FSEYzZFNmS0tDU1ByS3p4cUxRUlR3OVdKZllfUnRlbEdOTGo1cElzQXhCd3o4RVd1dWU1bko0TGNSY3g0dEkybnMzSG50LTVRal9hb3FXWXR6d0lldG02SW1iRXFLbGtxZk5QVmZNUU9PNTJIZVdfZ0RMTlRxUlo3QXdFUlM2Y2tCTGF6WGRkeU1CSnpoZTZsUUFFX1hCa29FQ0RpbE1vRWfSAa4BQVVfeXFMTmpPWWhJWXFVYUVORldFLVplal85V2pEU1lHS05zSHFPZERpWl9VbXEwVTVEMVo0eDBBRkIyQXUtN3FldDZMeHoyemxNZnpzdDNKZGptU0JYdzl5ZXJiNzNvQjA3bEtmdGtfdlE1SmFUcnRob05zUnpUWjg3cThKSTlxS2pSaWxZNnpvbmpvTE4tMUp2RVk4MXRURl9MMW12SzJVdjlhMXNFdktIMUxB?oc=5,not_articleish;google_unresolved_news_google
Google News Malaysia,google_discovery,Can palm biodiesel be Malaysia’s quick fix for soaring fuel prices? - South China Morning Post,https://news.google.com/rss/articles/CBMiuwFBVV95cUxPNk0yS0hDeTdBVzFaMFdaSDBjOEVkbjRSRmJwR2VxOHQ5dVJJRExFYVBLYkhJT3V6LTN6RXNabnNTWGhMaUZvLWVBWm4tOWFNbzBDdkNxMEh3UUpDaDVWVm00NVg4VVFMNzEtTlRIbVVHNVZSLVgtc1lDd1VoTXJXOERDWGxMUEg0VnZJaHBtTkd2aENLYmZPZnFHbkJqaTlXTkFuc1RWTWl0clFqQVg1UmRpOUpEaG5ya3l30gG7AUFVX3lxTE8yZ3dHM284b3YyaFk4aWVodHlTZUYza3RJM2x3ZUI5TVRJdGdlclRHY0V2dFBrR1Y4aTNtRXVrZlBBbnRjWmRwd0I5dXQxZ3M5dVdDRHl6aFZ2b21MRS1ISk5Eb3EwNE9OM3gyeVNuM29FYWphYVBrMVR3cDhlTmZMeVlpa1NPR2E4SUxwd3VCYkZseHRLVGRZcUlDaVZqLWxxd2ZibmFVb2RHc2hhRlNOdXh0ZF84RllrUjA?oc=5,not_articleish;google_unresolved_news_google
Google News Malaysia,google_discovery,Wisma Putra: Malaysian vessel secures safe passage through Strait of Hormuz - The Star,https://news.google.com/rss/articles/CBMiwgFBVV95cUxPRzBFbEV1UjJDWEZ5UVlIc2ZBOTNOSGRrVXdTSmNiT1V2QVB5Z0ZRSmhzbk1ieHZEejBMZGY1LVpuVEdJVHp4ZnNxV0hnV1IzZ0ZWM3cwTWNfdEFfWG1JbWE5YUl4Mjc3UVJrUGFQSXRtQ0lrTnEtaE5DNWl0enpSenMxbHhmdjc4UC1MUl9NQ1A3R0FpblI0LW1SY0F0RmRXeS1fT2I3bzZ3QVlnV1VqNkFwZVhHcXJnU05pOXZma2dTUQ?oc=5,not_articleish;google_unresolved_news_google
Google News Malaysia,google_discovery,Kia-Carnival-8-seater-Malaysia-Apr-2026-21 - Paul Tan's Automotive News,https://news.google.com/rss/articles/CBMitAFBVV95cUxOXzEtNHpxZ09tOTRSLUU0ZFU4dzE5NndibGs2Ri16VlhSd1NsVjFZRkZfTTBlQzVfVnV3RjNNR2d2dmVxOFBCeHh6dHZnUmV2anFSZlRQbXRZRkZwVjV5cnpxRm1GWFlqRlZNdjl2TWZHQTZvRkwzT2t3SlVyTmpQM0ZHZllFMTB4anRaaG9IN0FuNWprVmJBRUx1R2I5akhxalhEWnVUVFFObVZTREJWLXVzM3Y?oc=5,not_articleish;google_unresolved_news_google
Google News Malaysia,google_discovery,Kia-Carnival-8-seater-Malaysia-Apr-2026-17 - Paul Tan's Automotive News,https://news.google.com/rss/articles/CBMitAFBVV95cUxPckJXYUVPLTBfQ1JrSzF0YUk2ODUyTVA4bldydXZ1M0RMaWJ1ZjZLYWxBU1NtZy1kWFZnRUs4NzNVQzA0TUQ3QURUUHJPSG5jX0ZhSEROVjVvVGRWa2pOaHR2bkMwSVVkdmdZOEFyNEcwS094Xy03RUluMW81X3ZPdExlcUswcldSOW5lQmRWZzg1bGRqd0ZxdEYwQ0RmeU5VRDlIblh1R1JJTEM3azVucWh0Z1g?oc=5,not_articleish;google_unresolved_news_google
Google News Malaysia,google_discovery,Kia-Carnival-8-seater-Malaysia-Apr-2026-6 - Paul Tan's Automotive News,https://news.google.com/rss/articles/CBMiswFBVV95cUxQQzdEUEpSM2RGVU5IeWhTU251aXJTTldpeUVjR3NVa0E5aC1PTENNMjYxbzRLajJFY3dmNGl4TjFhZkRMZGp3ZGtqbnhFb005b0ZpWFA5WVQtR3FtS1FjVEN6N3dqSHR6YWxFWS1uTjBnMnpSRDBkWmtrUC1iQ1JWX3VlcFlmV3hRT09BdlZPMVJJTU5EZkhVT1BuSzlIS3BwRnF0b0VkektLQU1obmczczF0NA?oc=5,not_articleish;google_unresolved_news_google
Google News Malaysia,google_discovery,Kia-Carnival-8-seater-Malaysia-Apr-2026-8 - Paul Tan's Automotive News,https://news.google.com/rss/articles/CBMiswFBVV95cUxNdEVjNFBrSzZncUVVMXc1OV9KODdrTXlodUE2XzlGRXJkU0pJSkNDTlFTaF9LVy1uNTgzeWZXYjlwWUw1aERsOVpsdXFiZkpVaGdwc2tIOWZOMnBiampjZ3pPUHlSbEpHdkZLaWdHWkJfaktyYkVzRDBmMURFSFBqeWtLaXNrOXVuTDNDT1BwYjYxSi13OG1FakxyRnVjWmpkQy14dGNTTW9IWTQ3UU9xbk5PYw?oc=5,not_articleish;google_unresolved_news_google
Google News Malaysia,google_discovery,Kia-Carnival-8-seater-Malaysia-Apr-2026-11 - Paul Tan's Automotive News,https://news.google.com/rss/articles/CBMitAFBVV95cUxPUnpvdGFUR3BINEVJR3IzMXBNOW1oZ0JjbVhvWEhyeWhsTlpIaVFfTWZZNU93cjViTENIWFlIWk9MTDFsWXI3UjJnak1LRTFTZlBCNlBUNloyZVZlSTNYbXExd2t0OC10NTlDRV9jQXlxaC1pWXNyNGd2b205dnB2Sy14eExrVW05LWFaNllaU3JJZEVLWHBNNzdxRUJQc09vbnZhcGs3TkpYTzJoakdFRzVSdng?oc=5,not_articleish;google_unresolved_news_google
Google News Malaysia,google_discovery,Kia-Carnival-8-seater-Malaysia-Apr-2026-20 - Paul Tan's Automotive News,https://news.google.com/rss/articles/CBMitAFBVV95cUxPZUduamdkUmFRNkYwQlFXcGNIUWlFbXpReFJVTmgzSkFxeFZNcTRwREJ6RmxQT0g3ZmMwWFFmT08yU0djNEpSX1NvZ2RLQzU4QXpMV1ZsejQ4cFZTV0lhVzBDTU9tLU5Za0U1eUNuWUZSU3VzUmVCblpFaDdrNDZkTU41U1R4ci12c1pmRzdKam1TNzgya3JnUFNadjRDdVZsZ19oQ2hjTjRJRmxvV3JIaWthV24?oc=5,not_articleish;google_unresolved_news_google
Google News Malaysia,google_discovery,Kia-Carnival-8-seater-Malaysia-Apr-2026-10 - Paul Tan's Automotive News,https://news.google.com/rss/articles/CBMitAFBVV95cUxPcGFrZDF5SVFmTmhyOUVmMVNXaHpXU1dub2NseGVrSllZRjZZdUhjM2hHcTk5YlJPYjhMa2g3a2drSlRuWjhYT1ZndzVFTHlpNXR2elZmN0RQdGNmQy02S3RNdEd1dHR6ejFPNmVSWTZIUDh1SVBsUmNlQXFId29pWXVNQ0FwLXpVcjJyM1ZkYTFHdGVXelRSUWhRVEFoOWpTYm9hUXlybzdZVjFmR05JNUoySkI?oc=5,not_articleish;google_unresolved_news_google
Google News Malaysia,google_discovery,Kia-Carnival-8-seater-Malaysia-Apr-2026-9 - Paul Tan's Automotive News,https://news.google.com/rss/articles/CBMiswFBVV95cUxPck5HOFc4RkVDbTBHVndGdWZRX0RST0VRWHJRdnlQdmE0MmZXMnZPREExY3FJOW1EZ2xUOHdrY2tXTXFwVlFybDcyeTN2bGkwSmhLV2RQMFJ2QWNIQTlSakpwLVhtTUhEbXd4SXlETVh4TW5hVmk5c1dMYkZkamlNRVVKMVcyaElndE1PbFR2SDNIdjR6ZTJvSjNQdm1mZFBjWW14MzlYd2E0VWFRVEZNbVFfYw?oc=5,not_articleish;google_unresolved_news_google
Google News Malaysia,google_discovery,Kia-Carnival-8-seater-Malaysia-Apr-2026-16 - Paul Tan's Automotive News,https://news.google.com/rss/articles/CBMitAFBVV95cUxPbTIzUlUzOUFMYl81UzlOcEdvN2QxbHVxdUVrSUE1V2hmN3hrQUQ5emJUMEgtemZ5aUtWczNBOWQ4aTZaTkxQUUJpbkt2dS1UT2F1aHBtQk4ycVNTTHdfaTNoT2dndUVkODI2cURTVklra000Vnp5N3ZxcWM1QjN5Ml9aUWcteVlKMm5OeHBDUE9rLVVoYVZOQk1ibWxKamdXdVZ2a1IteG1HZ0k4aWpkalZRYWk?oc=5,not_articleish;google_unresolved_news_google
Google News Malaysia,google_discovery,Kia-Carnival-8-seater-Malaysia-Apr-2026-12 - Paul Tan's Automotive News,https://news.google.com/rss/articles/CBMitAFBVV95cUxNalNRNC12N1hhSDI1UjlXNV80WnlXSk96UHg3dEthWWJ0SnNjSVlEYnliM0czX3diT1BHS0RVaVZ1Q1JHTkYtX09VdWUtdE56NzB4aDEtRGFCc3VHS1FxcXhKdWwwd1dOXy1nbi1NNmxETWoxdl9kczlIT0l0dnRWa3puLUk2NGlPNE1DTzA0cjBIZmhkeTNXa2JHRFBNc0dYdndZX3lhV00zbE5fNU9FLUgwZzk?oc=5,not_articleish;google_unresolved_news_google
Google News Malaysia,google_discovery,Kia-Carnival-8-seater-Malaysia-Apr-2026-15 - Paul Tan's Automotive News,https://news.google.com/rss/articles/CBMitAFBVV95cUxOekVHTjFFZ25FYkp4RWdoTmk4bmZrSXZyaU1kTUZobHFFem5LRWU2R1VLc2ZQWEs1Y09HNGkzbUJjQWJ0QTN0R1V6VVpmektuTjFyMWdWLXQtNUNLRlVta1ZrX2kzUDNUT3ZBWmZUN2swZ1p1THBqMXhvRVpNU2xqd3JYZXdhZGM2Z3Y1X3hQN3pJQ1VXbjVFWGd1NDhIZVp0Z0FXNXloV3hyc1FxN3BNQy0zaTc?oc=5,not_articleish;google_unresolved_news_google
Google News Malaysia,google_discovery,Kia-Carnival-8-seater-Malaysia-Apr-2026-13 - Paul Tan's Automotive News,https://news.google.com/rss/articles/CBMitAFBVV95cUxNSm5XRnI1MkxHRUYwT3NrMGNXY3E4elhPOVBkbDloT0REdEs5QVlkMGNSRldncHRGQlhWNVRRSVNKQzdrbmVESlkycVM4MHlFQ0pEbFNuMjlDd3hOclJZa0pjMXZaZkxLREo5SWJQdkc2REdmOVVMNkUwcWQtd1lQa1JkYWl0UEhJbTNsQWVFa0RYMHNXTmg3QllZa0dRSjNPQ2NJejVzQmxWdmNQbGdqeGd4OFk?oc=5,not_articleish;google_unresolved_news_google
Google News Malaysia,google_discovery,"Explore new transit routes to Langkawi, says tourism player - Free Malaysia Today",https://news.google.com/rss/articles/CBMiuwFBVV95cUxQSlozQ0NwRXNLckwyUXBsZE9vd043Ymh6Q3YxV3Q0OEF6T09NdkJ6WWZZd0Y3N1gtcDVtZWF3OGE2dUtNOTZnNjNFdUlYV09sbDZIcGo4dmVhZHRueEZNa0VnbEtPYng4UUt0dUx1azQ2QW9BZEExNlhIck9oYTQyWUZPOHlBbnptdjdOYmpaYXNVS0J1SjFUN2xTbkZWeHdTbUhwOVdMUXRKcVRXUWsxUFVMWWpxd0NOLXFR?oc=5,not_articleish;google_unresolved_news_google
Google News Malaysia,google_discovery,Malaysia Steps Up Strategic Communication To Counter Gaza Propaganda - Bernama,https://news.google.com/rss/articles/CBMiWkFVX3lxTFA2NWhMRnpNT1lTZUFEZ25JY3JyeG9TRlRkQjBlY3FQRHk4eVFXS2lHTk1rMnFMazhFemJZaVJ4bXdaUlJCSkhIOGN5azU3ajJUTjk4S2RIVnJEZw?oc=5,not_articleish;google_unresolved_news_google
Google News Malaysia,google_discovery,"PM Anwar Says PETRONAS Is No Longer A Net Oil Exporter, Malaysia Now Has To Buy Fuel - says.com",https://news.google.com/rss/articles/CBMirAFBVV95cUxOMTRrZ1hOZjNDWVBkbVBGR0tBZFkzNUFSOVg0Mmt1VVpqUWc1QmMxVE5XcUVMT0VmOE9mamxjbTdWSF9RaGF5dGdISWFfaUtLNDBvTURwckgtOVM2MkUxNFR5emdrQVVfb0NNUzFBaHY1aWhOZkxkTVJ1VzNPS1ZCWldfWTJNcGZPUFdfZnpiTFQyWU9pNWMtdzB2OXdRNEl3d0R4aEkyWGNTRTFq?oc=5,not_articleish;google_unresolved_news_google
Google News Malaysia,google_discovery,"No oil supply crisis on the horizon, says Anwar - Free Malaysia Today",https://news.google.com/rss/articles/CBMiqwFBVV95cUxQbDloN1VncVl3QkFLVkljWWM4R2pnQTA3aTNob3FWS0dCTXpMN2MtMlFYUWIxc1h0SnJ0RFFGRjhGdTQ4WWZNaFdwSFRwUlF4SWFtWUlUbHNadm9UYWFYRjBId01sYUxIU1V6U2MzSHY5bTQza1JycFIweDJaeVV2QURxMk1yVDVDVDlXYnhtaGZUUmxUU2R2d0tiUzdJY2FrTHd2clcxZmoxWms?oc=5,not_articleish;google_unresolved_news_google
Google News Malaysia,google_discovery,"Denza B8 coming to Malaysia; renamed Fangchengbao 8 SUV, DMO PHEV tech, DiSus-P active suspension - Paul Tan's Automotive News",https://news.google.com/rss/articles/CBMixAFBVV95cUxOY09JajQwb2d4N2U3VWJfSDZlQV9UWVFBb2ZhM2QwSVpIakU2WDEyWVRSR0xhXzVJWWJyTGVBcDl3QjlwdzkzbG5oLUZ1Ym14bVhtZ2NucVpRcGRmb21lbUNjdnYxWkFJNnhNTjZ4QU8yLUoxeW5ienJmRVVyaWQxb09Ob09MclBKRVVUcUVfclZWZU1VMjBERm43YmliNzZTY09LeEM3VlJ0bi1LcEtQUGtibmJiTWhQakpVX0l2SXRlbEhF?oc=5,not_articleish;google_unresolved_news_google
Google News Foreign Discovery,google_discovery,"Malaysian central bank lifts 2026 growth forecast slightly, flags risks from prolonged Iran war - Reuters",https://news.google.com/rss/articles/CBMizAFBVV95cUxOTk9VbVpuUnotYTVfV0NobW1nN1B1OXJSWXNiMkFRUVhTOXZRcFVTSVNYdXNPZkJOOWM3SWt4WmxYOFlXcWd2OHFKdHlfZEV2cnRXQk50YUNqU2RfMjJxSWRBbjJ4MkpsdkJ4N0dXQmtnVTBIZ3ZDQ2tGaldkYXlGelJpMFRqZWVEZ2EycnJTY2tEUjJCQ1Y1WklnelRFR3lxeFE3WFQxZU1CSm5sdmtVUWxwTVlIc3hQaTdremxsUjc5cW9ORklBbzVaSTA?oc=5,not_articleish;google_unresolved_news_google
Google News Foreign Discovery,google_discovery,Malaysia says government workers to work from home to save on energy costs - Reuters,https://news.google.com/rss/articles/CBMi0gFBVV95cUxOdHB6VzRRaFNQWVpBdjJwQ1FablBKRzRxQlVwRkotNGF5M1hMdEFVRGxzT3hXdmZRLXh3MUp0S3loRUV6Q2ZHNERfWVdnVUlwMF9RcTFDZkJqbzd6NG9HY2lnQXVHZjZuUGdwejQ1S2QwdEt5N2I5UWNWa25mem5lR1NqQVp3c25lRkI4RFQ0OWV0cmwtbUgyS2VYaFZMcUFRaUdPSzRLZXZ0d0dUMnJxWjF3clBuOUFTNnJ3bzNQVVlVODVYVXVmMVJGOXpVQk9BSWc?oc=5,not_articleish;google_unresolved_news_google
Google News Foreign Discovery,google_discovery,Petronas-chartered tanker loaded with Iraqi crude passes through Hormuz - Reuters,https://news.google.com/rss/articles/CBMiwgFBVV95cUxObzM0R3hqdmpGMGtLdjg1bDhJZmtqM2VFRnVEY1h2M2NMNXJCYy1raHY5RDZqMHdDMUZvUVNJbmQ5cGNZTm5zd0NwM2FDZWQ0N2tvMjlMdmc3MFJLSDJOMThJVFVjbU5NcVVXN0ExOGtPbjMzZkZralBIMzRCRERmR0hDWXpPd2NibVVoT3pDQ3UwdEh4eXJaaTFLYmhVLW96eHBLZ3hhdC05S0dFdE9QeXhTNlU0VTZvSU5QUWhVcU8tUQ?oc=5,not_articleish;google_unresolved_news_google
Google News Foreign Discovery,google_discovery,"How one factory in China learned to live with Trump, tariffs and turmoil - Reuters",https://news.google.com/rss/articles/CBMirgFBVV95cUxQMl80UFk3LU5BWkl5cXktUGNfTm42TW9NeXJ4ZjRYRjB6aWpMUnBaQmF2eGs3eUVkb3djOThaUlVYanVYSXkySGZWRHdnSXJQZjhQZm1wczZLWGIxYURuUVNYazRXai1YX1ByRzdjVkMxUVdKNGlYOVhrOVhJamd4bExjM0NQWmZvOTVTbXRUQUR2dTU0THd4cUIzYW5yMGNxeW1FcHFwcV9wdEJ6R1E?oc=5,not_articleish;google_unresolved_news_google
Google News Foreign Discovery,google_discovery,Global Market Headlines | Breaking Stock Market News - Reuters,https://news.google.com/rss/articles/CBMiR0FVX3lxTE5ZWXF2SEtaQVRwQ2xTbk1CYWlTbXRfQV93SXNlWVJYWkEyeTVVajM5bU00d0szRW5kdDdVa0ZDY3JJNkZRRmlR?oc=5,not_malaysia_relevant;not_articleish;google_unresolved_news_google
Google News Foreign Discovery,google_discovery,"Malaysia Airlines parent's earnings rise in 2025, but Middle East conflict clouds outlook - Reuters",https://news.google.com/rss/articles/CBMiqgFBVV95cUxNVzhETU5yY2loOXpxT2xUSFVlOGotSTh4cjUxWGRIMEhhZHgyNldDUFo1RFZwdGIzVDRUMzUydXZVcDFNc1djei1WeVJ0UGtNd1E2WFptOE1WRklCZC0wT1pIMmhOOTd0TmNfSjNBN18ybkdvZ3ItMHhyajNuUS1SZ0JCS0NlODFhTEZvMDRBd1IxRFJPekZKMnB6RWJzQWh6QmR3VE5GVGp6UQ?oc=5,not_articleish;google_unresolved_news_google
Google News Foreign Discovery,google_discovery,"Thailand seeks more LNG from Malaysia, energy officials say - Reuters",https://news.google.com/rss/articles/CBMiqAFBVV95cUxOUTZxTVFrTmRGRnFDUVgzdzhGRlJSQ1pUb0ZaZm05cHBKTk82cHR1Q2ZGNm53aUJCMWlWTzdrR3Y0dmFXOUt0bEZTQ181SDNNajI2N0VveVV2WGlhejQtWmV3d2JYQUpyY3FRWk9VNDFOWTQtRXJuUWdpdkhzZnNpaVB0bWhaTGplWGNBYVBWdF8yOHNKYVpvYU5iajJxNERfazdGaWpzZWk?oc=5,not_articleish;google_unresolved_news_google
Google News Foreign Discovery,google_discovery,"Heineken to wind down Singapore brewery, shift output to Malaysia, Vietnam - Reuters",https://news.google.com/rss/articles/CBMivgFBVV95cUxNWGVzakFVUk1VbG1yYTA0RklYWWFERlVGamx3NnBRMXczOGV0aW5XUjJhMnpjQ1NhUHpkd2h1X2x3Q042eEp6c0VhLTF5eXF0X1NqMlA0UWFzRHREX2pDaWg0M2NuaHF4TkpkbHZRb2pTblpOZXMybzA1MUF4TUlBb3JFNGNac1pWeVZGTmk5dVJKVzJQSzF5RC1vUHpPOVBWRWFjTTdTMk1HQkxvVGt1UjFjaEtBQVdJemxxSEVB?oc=5,not_articleish;google_unresolved_news_google
Google News Foreign Discovery,google_discovery,"Malaysia court orders ex-PM Najib to pay $1.3 billion to 1MDB unit, state media reports - Reuters",https://news.google.com/rss/articles/CBMizgFBVV95cUxQbU5zSGhNZnVuakw3QzVBeHIxR2c3eWNSOWhVYnctSzl6eFktM1llQWVBNkU2WGRDV21XVHRUZ1ZGenI4TWIwZVhRRnFqQzBORnR3Yk5oVlh0azVBYnplbmlzRmZkcHZreUJZTThOd0VrbE9YSjlkY3RIeklDNUdsclIyNU9Nc1o0QjFWbTc1dzZzVDMzU1d1STNoOV9XTjVzT0VXWER3RzVuaW9lSTFRUTJEWlk0Z0dFRXFVa3c4MlFUOVo2ckRSZGNRUTQyUQ?oc=5,not_articleish;google_unresolved_news_google
Google News Foreign Discovery,google_discovery,Malaysia fertiliser producers halt new orders as Iran war drives up prices - Reuters,https://news.google.com/rss/articles/CBMiwAFBVV95cUxOVFRYVXR5ZjlWMEJMSFRld2liMVpXM18wUlhHZzZRMUJKWUJnRjVxUDFpLTNSbktxUTRJMWQzX2R6cXJwYmd3MXktUk9EZjVyNTFwRklNS0Z2SVRJZzFKQ041aXZOaXdUQzY3X0ExRnNMRmkxaDJ6M3YzRmNEN1VPZGhuekJNelhCd1BRdEF5dHVzcnQ1QjgxcXE3Zjlsbzl6eUxGaXZrYWV0d0U5Wm03TVVxNUF1YU9NQUtZaWpsQjQ?oc=5,not_articleish;google_unresolved_news_google
Google News Foreign Discovery,google_discovery,"Sunway Healthcare sets final price for $722 million IPO, Malaysia's largest in nine years - Reuters",https://news.google.com/rss/articles/CBMizwFBVV95cUxQZmlzZEhZSXFIbkxmeWtQVkUxNGFHN1FaUDh0VFJyTTdGeGxYMVJ3SThiQXYxSzZnX29LZHZWTW43a0xWalV6WS1hZVJ3SDIyd2FKNU01Wmg2b3lYZlI5X3BldTB0TjNLTVkwNnhSckxxd2V5RENWWFRhcXJaeXV1YXRaNEpLWDBPMndUMjhDRUltVVBvdkoyWHN3NmtiNnJ5WVA2c0dVWWlKYXB6V01FUHlJVjAwY1lyWHVVZTNsSFU2al9RRkk0aDZLTFJCV0k?oc=5,not_articleish;google_unresolved_news_google
Google News Foreign Discovery,google_discovery,"Cambodia turns to Singapore, Malaysia for fuel as Vietnam, China restrict supplies - Reuters",https://news.google.com/rss/articles/CBMivwFBVV95cUxPN0RUU1hMbkR6eHFMcFZNRVNTSDVvci1Wc3NjS3RQaldmdm04Qy1tb0QybXpYQTJBbnVWLU9LcTBQbUNlbVlPNHo3aXV0ZDR6Vy1ta2lueW1TYzdOcTgwVi1idXQzQVd4X1FvU2x5V3dabjlNWnNTblVvakdNWEVRQmxPeVlObVFIbFRPeGpqRS11cnFUU1JPdGxVMDZwYTlxOUVod1k5bWR3cnY2aXdrdEpicG9nSjE5MkNnVEZrMA?oc=5,not_articleish;google_unresolved_news_google
Google News Foreign Discovery,google_discovery,Malaysia's MISC activates emergency response centre in Middle East - Reuters,https://news.google.com/rss/articles/CBMiuAFBVV95cUxPZXZqRmg1Y2FaaXhESE5jMThlcS1VUThqNC1pbzZzVlNSLVhPVFpWc2xERGI1NmJxbTBqMk1QVlYyd0FkV29mMllJYmZzWndSeXZMbURMS2UwS0NfZ3hsR2ZnSDAwMFd2Y2FFOHdQOVRIYnRXdXN3NjBnNTJyQWZmZk1xdEtuMVRPakFUSWZhQm1HdjdySDNmQXc5SVhrZ202X2FpcHQ5b2NVbVFWbGJTQ0VfbjRxcGFX?oc=5,not_articleish;google_unresolved_news_google
Google News Foreign Discovery,google_discovery,Malaysia ousted from Asian Cup race after AFC overturns wins - Reuters,https://news.google.com/rss/articles/CBMiqAFBVV95cUxNLUhqQlNaZ0ctYW9lSEFndVJxYzVNZWtvYWpUM0RfajhndE5FSEs2REVXWkNXdXpEcUFBOHU3OTViREdrRzdjXzU5TmtXT2ZBVVlROVI5NTB4NUhhZ0xfQWtEeGVZUmNRMUZHTVpHVFVYNExQdVMxdFVSaDgtV1FQZnZyTDNyMFBpVXhDYkJQQ0ZzVGtiT05odXZqbFNJclBER2Q5MzB5OVQ?oc=5,not_articleish;google_unresolved_news_google
Google News Foreign Discovery,google_discovery,"Jordan, Iraq claim opening wins at Asian Cup as Malaysia and Indonesia fall - Reuters",https://news.google.com/rss/articles/CBMitAFBVV95cUxPbmlRWGRmZUNra2NfTWlQUWZ5elJqTk1LcTEtSXlQRzlOdGxYbHltNXJrZ3EyS0tuVG8xSzRvcGZWY0p6SGRiemYwVEN1OHd1WUhHWHFBY1VzZzhObDZZVHBJdHBmRTQ1U0xMdWJCSVptTTZPSThabnhQTWJhOUJVY0RHY0xyYV95eWtpY1drOVh4R1B6Q3dtdHBfSFNEWkNIc21zbnNIUzRvR1EyUnRkV2RDc2Y?oc=5,not_articleish;google_unresolved_news_google
Google News Foreign Discovery,google_discovery,How Malaysia's election system works - Reuters,https://news.google.com/rss/articles/CBMilAFBVV95cUxOenVNY3A2bFkyUE5xdGc2bExxWVYzd3kxei1NZUNXc0VtbklMejVneHdZSExhNnN6WDlJaVQ4NjN6OS1hUm8zRW9SOFZuQlhVbGFvV0ZpVEF2OEpRUUFCeDJWc0UzV24ycWxJalptN1prT193NGFOUlBXRzktRUtjRGN1LTJ1Z3ppWFp3bmFfbWhDTDF0?oc=5,not_articleish;google_unresolved_news_google
Google News Foreign Discovery,google_discovery,"Malaysia's economy loses steam in Q3 on lower oil, gas output: - Reuters",https://news.google.com/rss/articles/CBMiiAFBVV95cUxPWXdUenEzLTI1RENqMTZXS0t2R0ZIQ0pvTkg0QzN1eWJ1NWxUNzI3aTJVbmdCRFAwZWhqd2RKazBrSHVKMldlbHRmdkl1VGdvaGMxd29WR3MtSHlHb1Z0N09adlM1WXZyNGhhSDBOUnhJMDZveU9qTHh1YUJSZkJpQTBINjVISTVY?oc=5,not_articleish;google_unresolved_news_google
Google News Foreign Discovery,google_discovery,"Malaysia grants conditional approval for CanSino, J&J COVID-19 vaccines - Reuters",https://news.google.com/rss/articles/CBMi0wFBVV95cUxPNGpzN0pQcHZoY093ZC1mcVRaZ3lMb0ZQOGJqbjdIUmExMElob2hfbGJVUWVtLTcySnFqSDAtV2lmbjlhbXRWeXFPc3Brem1XNnRwTVFFa3JoNnYzSHE5NW84WGtrZHNoNjB6TENha0xOX1NRdlhmcmVOb3VlSmFTT2pSN1pMaDZwSnNXV0dCZVlBZ2hWUmduTlJaLURZekZqa1ZQYkI1RzFEWDl6cks3OEFRY2RGaHpoYlpKbUVQalF0SW5mVHZlZkw5X09EZkNmeUY4?oc=5,not_articleish;google_unresolved_news_google
Google News Foreign Discovery,google_discovery,"Chinese premier to visit Malaysia for key ASEAN-Gulf summit, sources say - Reuters",https://news.google.com/rss/articles/CBMisgFBVV95cUxPaVRBM045NDJsNEFvM3l5LU5KMDc4MllDMkZLc0laeXEyMnNTM1g3azk3dlU2SFRVcGdSdmd0LXFKY2dJblJlTjJkWUU3QlFVZm5FNVJ4eG1Ma25BSnJkNnZ4b2QyTk5MN0JJMi12aV9MRjNZNUxib0ZFOWNjU2d6cVVHTlVxRDE3RXU3VnlBcW1EQ0xaRHdvZzdtY0FyOWhfYnFCdWZFd0o5YnUtWTg3bFln?oc=5,not_articleish;google_unresolved_news_google
Google News Foreign Discovery,google_discovery,Malaysia Airlines reports lower profit in 2024 amid operational challenges - Reuters,https://news.google.com/rss/articles/CBMivgFBVV95cUxPYlE5cTgyWFNmdmlRcDY4cUU5d3BCTEtSWTJJNThQX3V4dmV1NkRzWVRfZl94ZzJvaHJnd3dqMVB1aTV5QS10UjI2THBybUZHc25VOVhNUUlCd3NwTHNiTVhTUWl4Um9Uc2ZENmhWX2U3dVl4Z2sxUlBISlFMaXdjUjNpTTl5TFFVSi1wUjJUN3ltcE01UWhfUUlVRUR6U2FaMkp6dm5vUzBaNHdoSXJOMkQyakRHSGV5UERDaUVn?oc=5,not_articleish;google_unresolved_news_google
Google News Foreign Discovery,google_discovery,Malaysia central bank cuts rates for first time in five years on growth risks - Reuters,https://news.google.com/rss/articles/CBMiugFBVV95cUxQY2hvM1hhN0I5MmNaZ3RpWE9JTmYwM1Z0T3EyV1ZJTFUteXE4X1d0MnZPb2ZGS05mbXBfUURMN2xFWW9PTEF6Q242eGZhODM4ZHlFLVJWZnF3WFMzNnlfSnBMWDl6cTdEZUZpdVI1T2hFWmdORVBZc3NsVzl0SDI1TmE2eWdYV3RiNk1aNHdTRTNURlBuanB2ZEduSkVzcjBzQ1VDcm51T1FkbEtVUWtPbzk2WEtmb0lsOHc?oc=5,not_articleish;google_unresolved_news_google
Google News Foreign Discovery,google_discovery,Rohingya targeted in Malaysia as coronavirus stokes xenophobia - Reuters,https://news.google.com/rss/articles/CBMitgFBVV95cUxPdXpiSVlZV2QzVDJXMTNGNUZBV1l0dVR6cUJDa2VxblI1WXVEOGFfWXF3ZHozdzlRQUM1VjZ3RW9yQmhaRjZ2TERUMGM1bmpHNkl4SEp5aENESWRKdXBuTWlUbEh4dk9oZGJ5MTlhN01kUllGZ2dSaVRqd2VjRzI4UDNoc3dqU0tpSDlUQVl4TWNCeGw0MzFWRzFXM090R1plQ2ZDb3NSdFZ4VGJCQWZQRlhJSEJoUQ?oc=5,not_articleish;google_unresolved_news_google
Google News Foreign Discovery,google_discovery,"Malaysia ex-PM Mahathir, 100, discharged from hospital - Reuters",https://news.google.com/rss/articles/CBMisAFBVV95cUxOUlNQclAzOFdUb1JLbTl1X2VtMVpPUG50cml6SmVyMy14dmhwaTdWT0FyQkxDOHFBNk1GRGZUdkZMUDBoNmVfc192ZXBYZFRlTXBXSjhVTEtpRllJcVZFVnZYLVFDRFNKNklvTzNwMGxxMW9jYmpZdG9DOEV4ZkxmRDk1Sk1Pd00ydU14VUhYSjdOc24td0haM1BzbVhFUDlxRFc0ZUF6V09BMHpRTEFHZg?oc=5,not_articleish;google_unresolved_news_google
Google News Foreign Discovery,google_discovery,"Malaysia's central bank holds key rate at 2.75%, as expected - Reuters",https://news.google.com/rss/articles/CBMiqAFBVV95cUxNOGF6VTlPSUtPR1d0MTZycHhpRDZTRndYT0JrTGhheXVLV01ESHpuZGI2dmFrUlV2WGk0T21oNG9fSkw0b2lqZjloaUVUM3FtaTZrQWxDMkVwck1TYWx0eXJIdXlFYXBxVWZtSFBRalppSDNSX3M2VWJpb3Z3a19zMUc0d2o1a1hWVE0xUVBhYmRqakszUFFhdzV5LUJEek1haVRSUnF3M08?oc=5,not_articleish;google_unresolved_news_google
Google News Foreign Discovery,google_discovery,"Malaysia to end 5G monopoly, allow second network from next year - Reuters",https://news.google.com/rss/articles/CBMirwFBVV95cUxNNG5Ec25LY0JJcG9JWWNKcTFhTGZ2QVFxeWdQbnRqUG5KNGp5VmoydV9nTnpQN0lhQ0Jma28xSUp1VFlMdk90TVN1UFJBTGYzZk4wWGNTVEZ2YUpZNFZrM3pieDF4TlpkM1B4MUN2V2N3UHpnVHhEcW1nbXFkMzVnclVRenhmRng1blRRV09DTEl6UDFDckxKUjNtd0oxMy1CeVhxQUdLUU9OUnBPV1dv?oc=5,not_articleish;google_unresolved_news_google
Google News Foreign Discovery,google_discovery,"Malaysia PM announces cash aid, fuel price cut to address rising living costs - Reuters",https://news.google.com/rss/articles/CBMixwFBVV95cUxOcEdYTlJxMEFMQXNuUkY2eXEyV2R2NmNjOXJyYTBXQ251OFZaMzNucE9SZF9XQlo2anFuc1pmZmwzbFdkYlJLcTdFTGFJaDc5R21ySDJHNm5JWTRoZkQxaW1wWEl2MmZpcVVYVVF2NXkxMm1nUWpNTjV4M1lGMXJWdHBMbE5nVzVsVmx2aUZtOEptWWdCTkoyS0ZyRU1rbVF0SHdLYUQ0MVVUNDg0NXUwWXVNOXNMYnE1OU9TbjlVSEp4VXpJZDZN?oc=5,not_articleish;google_unresolved_news_google
Google News Foreign Discovery,google_discovery,Malaysia cbank imposes penalties on 4 banks over service disruptions - Reuters,https://news.google.com/rss/articles/CBMiugFBVV95cUxQYWtZT0xMMGFWbTk3aGdPQTh6YW9ZQ3VUZnFZcmdUaURYbERuU0V6MzlSZHdRTzl0ajFnM2U4Q0xNc3locUExdks4Y2xVRXp4VU5OSGhrZlU4S0dHa0pSUWFHdDUwS2FXZjdjMzlwT3I2andmWUJrR0dKNzYyY1dzYnM1TDZjbXphMXZ4MHZnUFRVaHJxUloycXlUM0pOS1YyYzdsRGtFNXg2TUplZElFSFBoOE5tSmNUUUE?oc=5,not_articleish;google_unresolved_news_google
Google News Foreign Discovery,google_discovery,Malaysia's Tenaga Nasional incurs losses of more than $1 billion from crypto power theft - Reuters,https://news.google.com/rss/articles/CBMi6gFBVV95cUxQZHp1WHY1WXhJNU9hS3E4NDIzbW1DdS0tRWUwS1JwQTNqaURtelY3d1hjZkJwWXFVSFRTSlczaGJOS3FVVHhpUENtMnh4WWp1U2pWQkkwZHJUSHBPNDBHS1FRWUE3VTkyaklhRGJPRWgtRWZiOTBxdGgwNkhYWUJlQXc3OUp6Mzd5ZXNuakM1RjZ6RkNzV1UxbXlLRmdTNDlFNTdZTXZFeDA4OFFybFg0b1F2aHh5V3pYbUE4VGJIdTAwVEFqU05RTVRzbUthUjA4X1hFNFhaSTl5ZEhfSDgtbU55TEQzZjZ4a2c?oc=5,not_articleish;google_unresolved_news_google
Google News Foreign Discovery,google_discovery,Malaysia's jailed ex-PM Najib files appeal against 1MDB conviction - Reuters,https://news.google.com/rss/articles/CBMivAFBVV95cUxNNm5oYy1ZMHZ5eWJnQ1dmYlY1eDNDUWJOQU5iMWFkc2xLenJQVDdOY2VHVE9WcTBETXJCNFVyeUpyNHhSYzgwcDdxbGthOUYwcXRXbjJoc25yTmRQdlR1ZG4tV2V6RXlKSkhuUF9KVFNRNGZXdjlkRFNZRmZCbDVlLVgycFFBZkxNQzhXNmhkQnlaS0g0MldRMlJCX2dIMkxla0FDRnhMZzNCb29FMEpES0ZXRUJCUW5jeVdNZg?oc=5,not_articleish;google_unresolved_news_google
Google News Foreign Discovery,google_discovery,Malaysia's palm oil stocks rise to highest in nearly two years - Reuters,https://news.google.com/rss/articles/CBMivgFBVV95cUxPVE1BWUJPRFVTcDBZanNzOFh1d2JrallrcXN6M1ZrN2hpRUd1OFp6TmRmVDY4RkVTQ3RQZEtxazhMOHBCVVEtTV94enBtWXptN08yVG9YMzBVRmU2ZVI0YzJjdnBmcTBTaDVTd0JabWpCUWRGVzdpdzBlVUd6WXVXaVVyTG9WbHp1a0dhd3JxS0cxN3ZtTjYwZ1dXbi01RXdhYkZlR0QweVZkRS1BZUhOcDB3c0RLWk5MUmk0cWlB?oc=5,not_articleish;google_unresolved_news_google
Google News Foreign Discovery,google_discovery,McDonald's Malaysia sues Israel boycott movement for $1 million in damages - Reuters,https://news.google.com/rss/articles/CBMipgFBVV95cUxQTHFkbmVhVk5DLUxjYjdNUGNoc2RHU1VUaVh3a0JnR2NEcFpDOElrckhjU3RkYW55YUYzSi1rRmUtaDVDbXhxVEpSX2pFS3RFd29oUU52Z2xqa3JvUGNIR2d3a2NPdnJLZlZWUGNtQWd4T2JpQjZJN1VzRVp3eDZLQXpTVnoxR3dTdTJ2aGpJbTZnaTVKVnY4bXcybnNIWGtqa2FZU2d3?oc=5,not_articleish;google_unresolved_news_google
Google News Foreign Discovery,google_discovery,Indonesia agrees to lift freeze on sending migrant workers to Malaysia - Reuters,https://news.google.com/rss/articles/CBMivgFBVV95cUxOVXRydU5mYjR1OHlqX1l4Q0k1UGFxUllKdnlMZUdtV1d0X0J6aWt2aE8xcHhSamdsb1Rnb3FfZ01FYTFaRDZweTFad1hnblV5Q19POWlJWXFvY21SS2lmTXVlOXJzTnBhM1YtVTZ0OXk3V2RYZU9vcS03YlEtV2tUWThsSm1FTkJTbURKTlNHc3BzZ0pKRTZXcUVoRmRGU1g5eXRSMDFPSVc0TlhFUTJyeVRDekQ1SWZ2NnVMSURR?oc=5,not_articleish;google_unresolved_news_google
Google News Foreign Discovery,google_discovery,Malaysia imposes ban on e-waste imports - Reuters,https://news.google.com/rss/articles/CBMirgFBVV95cUxQYW55X2RSdUpDeHVnNm5QWTBrTklpZjVWYkN4eDRCSzFwdFdkYjlJZUQwb1BnQUVLZUc1dGhzWmFMclZrR0Qzb1NDRmZEMGNyOGtFVUpZTnFXdHlqcExwVEk4RUdKYVpIa0xDd2tLdUpZUTBEcC12WmlaNjFINUlGcHJELXh6R0VFVFJPOGgwNEMwX0cxMjgyQnJLNzQxU0hIS2xmUVpCcG9EeElsWUE?oc=5,not_articleish;google_unresolved_news_google
Google News Foreign Discovery,google_discovery,"Malaysia imposes anti-dumping duties on plastic imports from China, Indonesia - Reuters",https://news.google.com/rss/articles/CBMiwAFBVV95cUxNNUQ3TmRVYWJlbzlmSmp0UVhSbVl1V3I3YTFIdVRveF85TDRUaGt3NzI1WXVBcFBWUTdYTU5Pd0g2NFgzZmxGdkhiam1oWF9ObHQ1cUl1dHdfZ2dtcDNsNW84SlNKek1KN2gtODVhNHVSZ1ZiSTQzZnQ5ZzVRVGZ2dUFGWERXYTV3NUdKMmVMcmdoN0dFQ1VwTnNZR2ZuTHd4UHZvT3Bqc28ySEx0RjdrNFhDMlZfMkdnb1JMSXllbFE?oc=5,not_articleish;google_unresolved_news_google
Google News Foreign Discovery,google_discovery,Malaysia says advance estimates show Q3 growth at 5.3% y/y - Reuters,https://news.google.com/rss/articles/CBMiowFBVV95cUxQeU1wMnBfSkVpUXNQQTNON0VDM0VBVV96R1ZQLXZQbUpIOXdCXzBiVEM2bE1IcjlTdFg5eTJreEFZdThwVG5vMm5PZGw2VVc3ekw1dnEzRHNsWF9CWnByc3F0ZlR5aE9nSk0zY0g4eEV0c092R0FFNk8yWUhDTjdKTFV3ZWtsNnhldXBoSGVFRjRrUU5YX0VIcUxKTW14VERaSDU0?oc=5,not_articleish;google_unresolved_news_google
Google News Foreign Discovery,google_discovery,Malaysia expands biodiesel usage of B10 to B20 on ground transport vehicles at main airport - Reuters,https://news.google.com/rss/articles/CBMi3gFBVV95cUxQSFJRQmdsOTBvbUd1Wk9xbWJjcFdSMG03Y3FVV3dUNF9jcW15S0swYWNWOUZialN0QmpCelJBZi1taDR2Z2RBVV8zYTdGdFRJMHFqVTcwQmYyTUNpd3JsSDhnbk5xWk1NTTlwN0hScWt6YnZRT2g0RDdoZlMxV1ZRZkVZUE5CWGJ0WktlbW5jek9RZmdHcHlTLXozZHRCdDBYc3RGY1RJRVlWb2pXYWRZMGloT05ZQ2lIaC1LLVdOa2dXUWxZQ3E1YVZIOFNkM2ZoMFJfVE5rUzVlcXVYUHc?oc=5,not_articleish;google_unresolved_news_google
Google News Foreign Discovery,google_discovery,Malaysia's Petronas aims to boost its exploration and production in the next three years - Reuters,https://news.google.com/rss/articles/CBMiwwFBVV95cUxNWUpxSHl1YjFqRllmVnVFRElLdkgzT1BvOXRDcGlLRVF6ODBRR3NWelQ3SHlwQmJ6NmVrN2QwR0ZBVXE2VHlXTmpRcGdpdDA0NHdZRjJwejBRaGR2OWZaMWJONGNoeVhjd0dzQTV1ZFZHSzhZYmZRamFIdmF1YjRkRzRLOUZfVFpsc2laYjF1NWNsU3p0eXN4Vkg0RUlWZXJJMFZ6eGNXZ3Vwd2NiOW1iQ0ZIYWJpSXJCejllUzBNUjhKdW8?oc=5,not_articleish;google_unresolved_news_google
Google News Foreign Discovery,google_discovery,"Malaysia's March industrial production up 3.2% y/y, above forecast - Reuters",https://news.google.com/rss/articles/CBMirwFBVV95cUxPSFUzVjk1WTZIZ1c3a1RLNjFhZ0hYTVgyLVhvbVRrWXphMlJBNi1jYW1qS19iWTV5ek8xSnhSbjNGSGhJV0RxWXVRY3BPQWFsRWVHelJ3bGVfbTVpejFQMkU3a2laNEdUZEpsS0JuTUJFMXpUMVFDc0ItNVdKTEhZd1B4bk1nQXpPdHFwMnYtOVNwVVZHRkVoZjBkS2pJclhXU3YyTndYU2JpQkZGZU84?oc=5,not_articleish;google_unresolved_news_google
Google News Foreign Discovery,google_discovery,Malaysia says it has no record of documents granting ex-PM Najib home detention - Reuters,https://news.google.com/rss/articles/CBMiywFBVV95cUxOb0c4WHA0NzVqUG5INU1SczN2dmFFeFBFendjNWFyaFZRR1QxTkpJREhmSllxRGFwUEpERmJJc2tfMWNQU2NoNDBtbEgtZ0lVMjhLX1FRVGUtTmsyaVhCb1JsUGNHNFJzZmhLM2ZMeFVzOVhCb0xpdGRMdHJnN0I2ekJQczhoSjdfYjJQaHpUd0RMbWhZM0l5bEtFWjc0Skt4M3A3N3Fmc1N5SUFsTFZyc2hBcWJvQVliMmRmRjdEMTRTSzNGaFlua3dScw?oc=5,not_articleish;google_unresolved_news_google
Google News Foreign Discovery,google_discovery,"ConocoPhillips takes over as sole operator of gas project in Malaysia, Petronas says - Reuters",https://news.google.com/rss/articles/CBMixAFBVV95cUxNb1hpYTJfWkgtalBlRjlzczFCS1VJbmR0cEJkamJ4Q1JvOTN6dFdUaDFXRzlUVVhsWmlyYzRSYlFWcUd2QTJ4VmVaTEMxeFpNUGdrZFV5MWUtZmE5OG1MOHJVOEwtdGpaRTFFQlptcW9uc3lTTE84b0tlMjR0RWxpeTVld255czFiVlk1RTNRUWZ4NW94V0t1eW1rSVpxTEJvSnBYdjNhcE1tZVMtaUpQbkpzUFpFc0VDeEVoSDdQMGRkRmNs?oc=5,not_articleish;google_unresolved_news_google
Google News Foreign Discovery,google_discovery,"Malaysia's troubled ex-PM ordered to pay $300,000 to politician over defamatory remarks - Reuters",https://news.google.com/rss/articles/CBMizgFBVV95cUxQb2dTTjhFcXJBVGc4dGN3Zzd6NHQ1NEdtR0lXN2Q3bzZuQ2RGbHp2VWpyaVVVTWI1QS04MFhfdnNPTVVnZUtNdm1PZXhweU9UNTlTblY1WnJnMlg2Z1I5RnRDaE1kOFRZQzR0dldvcXpLLV9fX0k2a0NtUzBQYVpqUHBzYlVQcjRTSDJCc2luclJEaENXY1hRM2hlaEJHdTg4Y2dYLWJMUFRmOVFUdXRyUUFhMmNra21VakRKUXU1MG9BeE5iN29EbDFkQTRqZw?oc=5,not_articleish;google_unresolved_news_google
Google News Foreign Discovery,google_discovery,Malaysia drops 1MDB-related money laundering charges against ex-PM Najib - Reuters,https://news.google.com/rss/articles/CBMizwFBVV95cUxQd25HWi1XdjNCZVdTVnBXeWRVVXRlVDlMLU50MTNJR2N4UF90VnBoeS1KdXkzWUZZX0lRaEpIbjFQMzZqV2hya0pFZ3BJR280cDY5LVlxWUM3bXgtS194aGR3LWlpa0N1bFYwMTAweVNLRUVUNmJLMzdKamJxX29rYmhrdlBxUFdleUlqYTFiTFhQWTB2cWlwQm51UkNDdDhwcEYxYzB1ZmI2WV9seUNkSTdNdmVkTnpQaThQXzlzWjZ3Y2pnX2dLM080TXZpc3M?oc=5,not_articleish;google_unresolved_news_google
Google News Foreign Discovery,google_discovery,"Malaysia reins in data centre growth, complicating China's AI chip access - Reuters",https://news.google.com/rss/articles/CBMitwFBVV95cUxPTHB3aDBoeFVhS1JzdkYwRWpnSldoOWFxeDNYc2dZcWVqdXNzdXpvVWo3dUh4eGRudWlFSWxUdlg3Tktld0s5VENMaWRzcklfMG02NEJLcDBUWjAxYV9PTVhzU3F6MDJKNDd0Vk1JZzRHOTYwcVZFN3pkbTdOcE9Qb1cteTkyUF9RVTBmQjVYUXRHLVZGTmpmWUd3UTVTOEhIa0RRcGZSMW5KNWFzLTMxaVItbE1NdTg?oc=5,not_articleish;google_unresolved_news_google
Google News Foreign Discovery,google_discovery,Malaysia's Top Glove suspends Selangor operations over enhanced lockdown - Reuters,https://news.google.com/rss/articles/CBMixAFBVV95cUxQYUpqUkcyaHVyblZ3NEtIT1dSOGFEanI0U0E4clV3bHR2dlMyYWpuYzFiOTlNTTY2SkdOcnpVMGk1QndmMDlZaVh3WVZ5Wlo0aWdxOUpVSzUwVVFMT1M4YXVqT1NPZEpKaEJndXBlSjA5RUFsd05TRktZWUNBbEgxQ3NYYVVSTmFIVm9PdGtDdm9iZE9tazk5YXlHeldQN3EtRkdWbXd5MWFiUVRXdXNHRDJQaXpOeFVpUC1RYUxLbUdCWVBY?oc=5,not_articleish;google_unresolved_news_google
Google News Foreign Discovery,google_discovery,Malaysia pressed to probe deaths of 150 foreigners in detention last year - Reuters,https://news.google.com/rss/articles/CBMiuwFBVV95cUxQTnZRLTNTN2FFWUdITEw1SEUzQURJR09SY2tTMUNpdHJsR253aHU1bUtEbUlONEoxVUxRN1Z5RERWU1lUMllwVG9QWFdNY1ZSb0RhS0d5RjlHODVZYnQyWmtISnM5ZnQ4eWtKdHBhZ2xNUHNGOTV0WUVmOWtucnVrUFpqZ0ZIbVB1c2Zlam1BNjhoZXJvOU8tUzZUUWpNeEJZMUJ0MG1QREx0bkhTTGZBemFTa0tPLWJGR0tj?oc=5,not_articleish;google_unresolved_news_google
Google News Foreign Discovery,google_discovery,Malaysia mulls shutdown of richest state amid COVID-19 surge - Reuters,https://news.google.com/rss/articles/CBMisgFBVV95cUxQVURLWThicXpOeWRvNW5CVHhwbWN0RjNiWDdlY0dwRXpwTnJ2M2p5ak5BSldoMDlMSE9FbTNrRkZvckV4c0hwb3ktRWM5M3dyazhabTFIb1A0X1BKT21CUllhRU9fZEc0NXhmX2FuYjNEaW04eTBrcTRqSkVjdVhJeFlWcXBVV3hCV3hOaXlzWTlORW1wRVgxRWtkVVQ4ZldEdmxjMTNvYnBscllLNzZUaXF3?oc=5,not_articleish;google_unresolved_news_google
Google News Foreign Discovery,google_discovery,Malaysia central bank to hold rates at 3.0% until at least 2026: Reuters poll - Reuters,https://news.google.com/rss/articles/CBMiowFBVV95cUxQS3dRNlFVSHdFS1ZqN1hJLWt6R1BaZkxHd2lCZUlpVnJNeWhGRjBwc0NoX2puaW5kVTlaRXpFY1dsSzcyWW5TbGpEVUJhV0ZKZGdlbTdLTFRWUXFNM0t0N1RxOHk2bmFPRjI5WmxEbHBadXJ2ZGFlVXI2SGREcVZiaUJoUnVLZGlxR3kySUM5d25fcjBqNUZnLVgxb3lpNHVLeTVz?oc=5,not_articleish;google_unresolved_news_google
Google News Foreign Discovery,google_discovery,"Exclusive: Shell in talks to sell Malaysia fuel stations to Saudi Aramco, sources say - Reuters",https://news.google.com/rss/articles/CBMitwFBVV95cUxPekVhYjRTZE1NV0hETGNVMkRvdEdwRUVmR0tXcDN3X0FOQkhVbVo4QmVZTEkyRGhkLWlidVJGWEh6UFJqSjFpczJCN2dSM1g2OHBZVWlGUzZDZDZHTmNqdDJmYmlyc3FPemtBUFlrN0t0LV9GYmdxYS1kam1PbVR5djJzeVB2TTVMQXNJT1RBU1JEUHVvYnJiVzI1X3YxdnR0MkFBTWhiQ0FiRWIteFc0SFN5aWhUVXc?oc=5,not_articleish;google_unresolved_news_google
Google News Foreign Discovery,google_discovery,"Malaysia keeps rates steady, cuts reserve requirement ratio as growth outlook dims - Reuters",https://news.google.com/rss/articles/CBMixgFBVV95cUxPcVl2VEFEUEliRU5oWUxScVNFMERNYU02d25TTnJvUkxWTW5BSHZGYVIweHV2UGJ0Y3BmVEU2RlFfa2R4MGJ5Y1RVd1ZFWTFaVUpsWC1xcmZIYVZLOWZSeExGQVdCOFhrQVRXM3MyUEM0am9PM2VsQk04QmhISmM0bzhZOTdMS28wWU9uVTdZU0ptdHUzcXJaSURHUEdhVWlZemtBY2JkTzFpeWRKb0RhVGxXdFhSTW5RWG1rUlczNS00cExxemc?oc=5,not_articleish;google_unresolved_news_google
Google News Foreign Discovery,google_discovery,Malaysia says forced labour allegations hurting investor confidence - Reuters,https://news.google.com/rss/articles/CBMisAFBVV95cUxNbWZpeF9Nc3JYQlZwN3Rkakg1bF9EdWlLZHBXY2o3VFBxUWhXRmFKOHFXVWFfa0lOaXlvMVJnR19Sc3BXay1XNGRGM3EtYTNxa0RWdW8yZWgzT25hc3A0dzNReDB0cDBWanJYSUliTnRYVmNZa0RTZzVXWTBPSEtObEg2blVHaWkzcUhnTXd2dzlIY25STWVDcnl4TXJMVE1XdHhWcEtibmhwam8zTHVrMA?oc=5,not_articleish;google_unresolved_news_google
Google News Foreign Discovery,google_discovery,Malaysia trade minister to head to U.S. next week for tariff talks - Reuters,https://news.google.com/rss/articles/CBMiqAFBVV95cUxOY3pUUEZ6aXg3S2tPbjEyRGRReFJQTTVxalVOMlVIUHFPUlNmT205MDIwY3pkVW8zcFVfNVo0QWNoR3RYb0I2bTBabXQ4ekFtaWVrTkZtajlaZ3h4c2tPUEVNVzhObXRMR3JxNnRMa3hXbkpJTGczQXY4dndWUkpBdmRnNTFOMk1TUUhnc3BNRV83OV9MemJRQS1wR3k0RDJvZF9PckxheEo?oc=5,not_articleish;google_unresolved_news_google
Google News Foreign Discovery,google_discovery,Malaysia brings fresh charge against Aker Solutions' employee - Reuters,https://news.google.com/rss/articles/CBMiqAFBVV95cUxNR2lJckZxSzBMY05OLUI2MjlpSm5fNENfU1ZpMVZCeVlNRXNJRG8xU3pLRVRLUW9fNjNYNy1hS01Jekh5NkNhbURFdS15RFhDWHhhNHk5SWVCaEVWXzJBb0pYYUFEdUpVUXE3SGVYSTVmaFNKZ2pGcVZQUE1HLXF1Zm9XV2VGVHdtdmNZb2ZtaU1SM05TMmdfcVVLbmxVNjh3NUdWVHk4eDM?oc=5,not_articleish;google_unresolved_news_google
Google News Foreign Discovery,google_discovery,Malaysia revises anti-dumping duties on Chinese stranded steel wires - Reuters,https://news.google.com/rss/articles/CBMitAFBVV95cUxOQ2h3QzBLUHpEcHRJRXNGRWFqX0E2bmlESi1VbTA2NEJxbGJjYV9NTzFleXhKMmhGclAyVUs1OTQ1MG1YX1R6VXNIQ1QzaXVNd1paM2g1dFRaUzc1RDRpMGxrQ3FiWDBNejRYR1dsNGZWLWRhdnRxaHpUT0t4STZVRzNxeC1VQWl6U2p0VUxuQXo2eXg2bkk1WXluMzJVLVNaWTlkRGo0bXRNcVpwc3c1UXhBY3c?oc=5,not_articleish;google_unresolved_news_google
Google News Foreign Discovery,google_discovery,Malaysia's labour abuse allegations a risk to export growth model - Reuters,https://news.google.com/rss/articles/CBMitAFBVV95cUxNNzZ1ampDbDJKbzB3cnBubE5pMHBLdjJGZXF0QzdPTXhtQ1BSbGVmdC1ZQTdGMUppZmY0Zm14Uzd1WnRBdUE3OWhkOENRUnUtdlA0OHllNldmMmtzQVJPdDBpSzRBNzZOSHZINUQyaTh3b09uTkxsWnZCX3lsakdSSVlhY3VJNm5ycW55TDZGVEM4MVNGX1dWY29YVDAwUDZjOUJfdS1pYXlXeUwzM0lFQTRZaTc?oc=5,not_articleish;google_unresolved_news_google
Google News Foreign Discovery,google_discovery,Malaysia denies new laws on house arrest are geared towards jailed ex-PM Najib - Reuters,https://news.google.com/rss/articles/CBMixwFBVV95cUxPY0NlYm1KNVdlZUxQX1lsTHk4YWlNRzJEM2lpWmZKTDNLZ1dWVUlWNnhWMkJPVFh4Z2NwdzlwMXZCcE1LUUF0ZzYyS0ZBX3pkOTZhLUhhWjFEYUVYY3lObXMybFhNU2NaNEd5ZFJVbUdibVNMZkIzc1BqTzRzY2FQeHAySkF0VGhXNTZzd1FpbjJ4aHVkcktmR1VXUFRydHNTQ3RtRG1IaWh1ZFZPN3Nsemt2SDVJWk5oZG5mU3hDTHBfQzJTLWtN?oc=5,not_articleish;google_unresolved_news_google
Google News Foreign Discovery,google_discovery,Malaysia PM Anwar: We have seen a change that has awaited the people of Malaysia - Reuters,https://news.google.com/rss/articles/CBMiwwFBVV95cUxNYmIxN0hhN2NVekc3bXY0RHZBQ0w3c0RWNm1nd05Iamtac3lEUk53WVdJQlpGRVY5QUs0TzcwQk5zUnY4UGxUMGozX1c3T2xRX2dKRDgwYTA0ejVWeDltNTlJQWZIS29ZS09JN1RwbFRIeHAyVG1Jel9YSk91bjlYZi1IaWd2OFl6Y2tlZnhoM3A5OW82Y01pcXFnNkx1aURkdHJ0cm5nZ18td0VucWdIZkRETWdzZk5jR1QzR3VOZzM1ZEE?oc=5,not_articleish;google_unresolved_news_google
Google News Foreign Discovery,google_discovery,Iranians in Malaysia say banks close their accounts as U.S. sanctions bite - Reuters,https://news.google.com/rss/articles/CBMixwFBVV95cUxOaDJEOGdnVDJ1cFhqeXRxM05VNDVZNFRSZlZhM3Rvekx6NUJ3RzZkdXpuUllxb1FVdTk3UHpwNXpvakVFTHdKTGdxOHZtZmNaUWxvUTg4bGd4WEZfU3JUSUFGRHJjMTh5UGdCN3cxZzltWER0TjdBWEFZaHUtR2FJZi1oRkdOY3M5ZUJKc253aEZrdk1mT2tVRUQ3c0NUdEo4QWtaRUVHSzIyelRfY1JwcUFuOGV0UkdMM000UnVkYzJQZDJreVRZ?oc=5,not_articleish;google_unresolved_news_google
Google News Foreign Discovery,google_discovery,"Malaysia will not cross ""red lines"" in U.S. tariff negotiations, minister says - Reuters",https://news.google.com/rss/articles/CBMiwAFBVV95cUxPank5b2RnblV3QmNnYlZYZTlJbkVJVkxLNmdfNDlTSWRocTR2Tzk2elFmSWNQVUxUSmtRVWhDTm43QTVFSUlrRU52eGxRS1hLY2VTbVI0Z2pvUVhNQ0R5XzNfQzVCNU9URGUzTG13bkhCU3I4RGs4enY2aGowM2dBSTY2WWdZYmVQeVlreS1uQmx4cU1wdkRHZVM5eFZZMUpLNmxZTDFtTVZVM0hha0hZbkxhR3k2V0EwN0tqMzE3MUE?oc=5,not_articleish;google_unresolved_news_google
Google News Foreign Discovery,google_discovery,"No plans to bring Formula 1 GP back to Malaysia, sports minister says - Reuters",https://news.google.com/rss/articles/CBMitAFBVV95cUxOVlBVbTk2d2pydlBRZmNxbDJUbDdCajNHazFyR0ZQcExCZ0RvZE5NN1RDMnVDc1FTM1JmNkx4enZ0b25HakN4V1dkdkZrS3RMcXdIVGNmaHV6Q0hNQnhlTUhWaTB2R1BmdXhlZEFnSzNQNWZaZHZ0YVhLdW56Wk5fZzJYZ3N0VWlLcmNVeUhqNjI4SFhwam9ZT1l4bVZRSEJwWVpvRkZVbk8tLXYtMV9EcjdJMUE?oc=5,not_articleish;google_unresolved_news_google
Google News Foreign Discovery,google_discovery,"Malaysia to introduce revised sales tax, expand services tax from July 1 - Reuters",https://news.google.com/rss/articles/CBMipAFBVV95cUxNMXQ2NjJDSXFzS1d0TzRRYW1hS2dHOGpBdzNhSV8wbTJZSmhpR3BXdng3dGxNV3pTYUs0djB2NkdLVUVMN1hEZWU5eWpKblVBeXJBWHVncTNmaHNaLVpSaXRwNURmc3VtSUUzZTNyd3NRVzN5aUJsWGlYd0ExY1VNdTVkLWZOejhCWlBEY3NfTmVkdEdFNE4zaGFVQndTYUw3U3ZWNw?oc=5,not_articleish;google_unresolved_news_google
Google News Foreign Discovery,google_discovery,"Malaysia palm oil output resilient despite flood disruption, says MPOB - Reuters",https://news.google.com/rss/articles/CBMiwwFBVV95cUxQbU44dnZHXzlmbC1TNk53dnNRM2lpUVppcVVLWlU4elV0UzgxYm1GajJlT2hoa0FWWVN3blVjQ2U2Um94a1gtb2Q4Ymp6NVVLMDVCdGZKR0VwbWNoaWlKRlVWTGt2dktUdHRqTWlyT3FsM0dMblZvR0VmaW04RjNIUzUxYmtvTFNYNWtQUDU1YjBabGpPTUEtS09pa0tjYjBlZ1Q1aHlpNXdHb0lDSjkxRW8tSUNXTGRVeUNIRWI0WnF0Qzg?oc=5,not_articleish;google_unresolved_news_google
Google News Foreign Discovery,google_discovery,Malaysia to ban export of rare earths to boost domestic industry - Reuters,https://news.google.com/rss/articles/CBMisAFBVV95cUxOMjZGeS1VcmlkS1IxaFRIeWVtOVRXS080QmxNVXNtb2JUWEM0cWtXUFlBRHNScnA4aFAtMkR6LW5fZHg3UjlwVFZROHFRWkwyblp6MHdpYThQbDNXSWNCSVd0YUdKNVNaTzhnRkJNcGNvN3g4OV9MaWNrNkFYd0hFa0VCLUtxWFdsTFhxaFRBcXZrRFNvWXB5Vm1qVEloUUZxeW81WWpzV3ZrNHd3c04weQ?oc=5,not_articleish;google_unresolved_news_google
Google News Foreign Discovery,google_discovery,"Malaysia palm oil, rubber farmers file EU petition opposing deforestation law - Reuters",https://news.google.com/rss/articles/CBMizwFBVV95cUxOZTdnTVVmRjU4bjAwckNPTGp0OG9xYlNTa25iMzZ5Y2NTUzBTMW8wTnFNMURNMzVDV3UyeGl1eDRET0pWdTFwQkhHamFzWnUzbFpTTHZVbFE3NWdwYmt0cmp6TWZ3X096aXJnRlBHbkZoblR0Q3dvNEFXaXl3VE03RVBSUVdZOERfcGYxeW1IRFlDaktNR3FfX2dYY1hGSzZWMFhwZXZwSEotQVN1TXN5Q3pYT2NWTDFGZ0tyaGtCZUc1a2J2bjdURkt6d19HM0k?oc=5,not_articleish;google_unresolved_news_google
Google News Foreign Discovery,google_discovery,Jubilation as 'pride of Malaysia' Yeoh wins first Oscar - Reuters,https://news.google.com/rss/articles/CBMimAFBVV95cUxQWUg2MDZBUVZNRm5RWm9qbUZLNk1XNlBydlRsUjNPTllUQVpzT1k4b2VKbU1JVFgtM2FtWktYMmJJN1ByZlhoNWI5V0dfd3FjUTNtSTJxaVM0X3JxNUhFR184U2dmWWxJS2xvTHI0a3ZvQmhRZE4yMzZENWVvTlE4cDJockNHaVV4S2p1ZWhlaUwxako4MEl1YQ?oc=5,not_articleish;google_unresolved_news_google
Google News Foreign Discovery,google_discovery,"Malaysia aiming to become energy, chip making hub, PM says - Reuters",https://news.google.com/rss/articles/CBMiugFBVV95cUxPV19SeTRlQ05adkI4OUVkeTM5VDVRbmhkNVFRMWdESTV0bWRVVkZBTGZxX0J2MlQ5dzI0U21WWDFWWnJ3aHVySEo4OExQbENNMkpvUi1OYXRncVpubTQ4SndnbkNZbUFsYWhNSXZJWV9LQWJqQ1BQd2I4bkVFc1JfbWxOWlhLVGt3aWlPLUJPVW5UMThUekVoeFA5QnVoTGowUVptb1U0UkR3OC1GVUVDMzdLbWE2a1Y0LWc?oc=5,not_articleish;google_unresolved_news_google
Google News Foreign Discovery,google_discovery,Malaysia wins appeal against partial award in $15 billion claim by sultan's heirs - Reuters,https://news.google.com/rss/articles/CBMixgFBVV95cUxOSW9DOW9hV0NFM1N6UkU2TkJmWlVDanJrSUhNZVdRcWtXRDdLX2k1V1FzNlQ1b0pXbkhld0lVOTdzNmlwY1VxOGxXMzBDX2pENDlUM3FnVWROLUs2a3ZSWWE5aGQ3dEliRE9ScDYzTDMzd1JncWVSWDJZelJtZk1QaHVybUpobHRoNTNIU2FoVDdVb0ZPQWVLRzlBWkVTdE03NUFXUlVfZG9QVlRoSU91WUU4QlNJT3hqa1VCeDFlSjFkWV9BdHc?oc=5,not_articleish;google_unresolved_news_google
Google News Foreign Discovery,google_discovery,Malaysia steps up gas-fired power use in December as reliance on coal falls - Reuters,https://news.google.com/rss/articles/CBMivgFBVV95cUxNOHVqVnVGTkcwbHpvdTZ0MndKc3VWSmZBeU9PN19OTkJRNmdkNkdwdkJ2WUhlOWNLd2Nyb1owR1RnRVNaTUR3bndVOTZsQTd6LUstaDRGU1kyalBteG91cF9kRHNTQ1VzTXMxVlh4MU1NNXRwbUh5MDZpRkwzXy1kclZ5Y1hlbzZJenZzTTZqeHljYXRTbkxPdnpRTWw5Y3k4dGlJZVJwMEZmaVJHTzFlQVVzWUJnSjZNV0taOFhB?oc=5,not_articleish;google_unresolved_news_google
Google News Foreign Discovery,google_discovery,Microsoft Malaysia to launch three data centres in Q2 2025 - Reuters,https://news.google.com/rss/articles/CBMioAFBVV95cUxPa2x2Q3NlemZwcHJhYkV4QUlCYmUzUkhQZUl4aUhuUWt5Sm44M1c5REZaVDN3MGRXc1ZhWTVTSTBaS2R3Tm5pN3ItQjJTTDlGejIyeU5lNXJSRFpwRXQ4QWNYYmdKaE82bldMdU9yYXVjdnJabnZvUDZrVlg4dWNBRDAxOGpBd3hQcEFoZTBwTDM3Mkg3V0F3ZkJYS0dnS2Uy?oc=5,not_articleish;google_unresolved_news_google
Google News Foreign Discovery,google_discovery,"Vietnam-Malaysia-Singapore offshore wind project to complete first phase by 2034, Malaysia energy minister says - Reuters",https://news.google.com/rss/articles/CBMiyAFBVV95cUxNeXgxMDBkZnhfeFdVeTFuWGZ2UjlHWTduUFlHeng1VDdMdXRjWS1pOEZJNnpjUzRCUy1KNlJhU3VodjVMc2NjaVBlcDBEZlZRX0M4TzJMRU94M0I1eHEtdHFtX0JTRVh4WnN4dkJiYUV0UU1meXJiUU1WWk50ZFBqRzZIZ19ka0VKMXh3ZUxyZnVIN0dmRG9SLU1PeHMzcVlMVjhTaTMwazRNVnpVTXA0ajQ3UXlxZmhNY3AzU1lpdmJmNmdqM2FiUA?oc=5,not_articleish;google_unresolved_news_google
Google News Foreign Discovery,google_discovery,"Sony to shut a Malaysia factory, consolidate facilities - Reuters",https://news.google.com/rss/articles/CBMipwFBVV95cUxQX25LN09OUVJuQm9feGRjcDlHdzYyNFZncjlOWEg0bE1DVV9BOXpTTFI5Q0RLVUllcWtOV2pyRkJoLTRXbkdCYjVBRXdRVWpzMzhvck9vV1ZUVVB1NXVESjZKSGJWMkFRNC1tbEtMNzRxZmpGS2JuMXZsVF9YVmRsVkY3UHg2NzU3dHk1azVZWkxVTjBvQ2gwS2pMdE9lT2FQbVB5TXFZSQ?oc=5,not_articleish;google_unresolved_news_google
Google News Foreign Discovery,google_discovery,"Malaysia deputy PM says Petronas received threat to 'burn' LNG facilities, state media reports - Reuters",https://news.google.com/rss/articles/CBMizAFBVV95cUxOdGpzeThmS0YtcTlNUGwtOGd4ZWFjSnZKTTFxQW85MlNGUmlJUXFkQ2R3a3ZMT2xkdEhpaG1aVVNlbjktNFA5emNSVzhVVmhVTXlVU0FNdHd4Ykh0eUFzVmo2c2lsVk9IR1p6eW8tQk54cjBNWXN4WnVKQUx3WmpIRHJJTUphN3FGMmo5bWJWX1pFUndidXV0WDYwLXBNdDZrSDhSNGhRYVJRR0E4cU5QMmQtMjB4dDZoOUdWb0pqMnQ1aVdTb0pfQlZGVGc?oc=5,not_articleish;google_unresolved_news_google
Google News Foreign Discovery,google_discovery,Malaysia says trade permit required for AI chips of U.S. origin - Reuters,https://news.google.com/rss/articles/CBMirgFBVV95cUxNQUpqZWtkazc1aUVfOHJCV2tFZG9aLUdaeS1tMGM5NXc3M3g0YkhrVlJfOUtxVXZoRnIzZDlwZnhLUXFQZzhtR1JvenRTZUxkRU1QMVNMYTlvTEEwRDNsRF9CZjBVckY0OFFBcWxrRjRNSVNlOEFaRG93bEZjWWozYzZMLTBoSDlCNkd2cUdQTDViTDJkaENBVk9HZXRFcDdsQTNYaVA2cjRNcUszWHc?oc=5,not_articleish;google_unresolved_news_google
Google News Foreign Discovery,google_discovery,"Malaysia's Khazanah Nasional fund reports higher profit, 5.2% investment return in 2025 - Reuters",https://news.google.com/rss/articles/CBMi0AFBVV95cUxPa0hxS1NLcUZIS1VETnU2WWFfUVZlb1I0MVF1MWVtMUhIazBiT3dsLXg1aEtmUXlQRTl3SGd0Nkg0OVZOU3M2UU5wVU5hRnV6UkxlUUQyWlJmSUVPZi1XTlZ1aDdlLXBZbmFuNWotR2tWR3BLR096R2E4TWF6RTZPNnZEcHJ3LVRwVm5fdFpJQnozdWo5RzZBTzcxeHZ3YjJaakRUeV8yZmpzR2l5bHdfWTQxOG5ucERibnlQdHhiMWthck9xWHJadWtxRmNvb2hX?oc=5,not_articleish;google_unresolved_news_google
Google News Foreign Discovery,google_discovery,"Malaysia's central bank holds key rate, upbeat on growth despite conflict risks - Reuters",https://news.google.com/rss/articles/CBMitwFBVV95cUxPMEViUFVYS3MzelZSUGhpTmZZaTEteUJHSjRjYVpBUF8yZHRaNEFYWlNsSldvd2pEM3R4S2dSTGk0ckZEbzZCZUNxaDNIdFI5YzNQNWY3N3dRNmlBVjdWbWdfY3NWeEFONmRMMnBPTnNKVnEwTXZFOVJvZXllRjRVM0lZbndYTG1WUzZpNk9FY0Z0OFR1UVcxLTdTNzRaSlhRRGg1QzlSa2pxd1Z3dTY5NklnRmMyZ00?oc=5,not_articleish;google_unresolved_news_google
Google News Foreign Discovery,google_discovery,Malaysia charges second Aker Solutions official with using false documents - Reuters,https://news.google.com/rss/articles/CBMixAFBVV95cUxQTnJsSDlPdFBJZ2t0XzRnSGxTU2JVanppR19HLW1HT04wWnZnWW5vdzQzcDMzbUVqUzkzNm5HakxfaEhSbXM3YkotT3VfR20xZUFydE1Rc3RvZ2w5NER3VzNJNlpfUGkycF82Q3VVRzlya21yUEc2QlRFY3dFWEUtTnl5RHRXMW8xbV94NENyLUxrcFhjMk9qVjZqVWs5cnU3OERzZkE4ZGdsVWRfZGFLRXk4Y2ZPeVJ4bFRFd1R5T1ZtMkNL?oc=5,not_articleish;google_unresolved_news_google
Google News Foreign Discovery,google_discovery,Malaysia's parliament approves law to regulate government procurement - Reuters,https://news.google.com/rss/articles/CBMivAFBVV95cUxQaEpFQnFySl9uNEVHRktOVkw2MDNiTkd2MWJ0cmFQNHB3cVdZa1dlLWw0cTU0THBuTzJReXEzWTZnS2FTeTNSbFR3ZzdNNWE2c1VodUxRUDVBbzVHOWNqMDlKbjNLcFlPa0M3MUwwOHZmcXg4UzY0dmRNbE1uMi1EcjMycElZWmxEMUdjOWFYZ0lrc21BZXVIT1FVZFFreFZzX1BDXzRHUlNJcnZoQ09pNXlKeFJqcVBfdkxycw?oc=5,not_articleish;google_unresolved_news_google
Google News Foreign Discovery,google_discovery,"Malaysia cuts savings estimate from fuel subsidy change to around $950 million annually, report says - Reuters",https://news.google.com/rss/articles/CBMiygFBVV95cUxNOVJrUGdhUFphSDJ0SmU1LXRQcllGdkhXakFad1hnaEJXRzJCdmt2SlJ5UTdpdEJoQ3VVcHJEVU1RbHgxTUF1RkRxQm9janBWYlUyTmRaVHJ2bmVnb1ZpTFhta1NiRS1rYnJ0amE1UmY3THp1QlFEUUMyNDJZV0lPLTB1MTZJN1JPQWxxT0lncDZ0OVJiZlNhQTlXWWdaMEFEQ2R3emFjMGpqVnNJN2Raa1EybUNCWWROd3IweXhHRVo5cjROd05aZXpR?oc=5,not_articleish;google_unresolved_news_google
Google News Foreign Discovery,google_discovery,"Malaysia plans national cloud policy, AI regulations - Reuters",https://news.google.com/rss/articles/CBMiwgFBVV95cUxQVzNnaWx0VnY3aEMtMm9pTE1lT04zWWR0emFvcHZQaXBSVnJMUVdwbGw4QmlfbVFrT0R3bEFSdTI2MXZVZ2xfX3laeDM2V29UalZ4NzhPQVdGNGhVUDlCQUpQVzE5WVQzZksxamR0Z0JqMXlGQXAyU2hjVk95X1F4b1cyNEZCY0c1Q2E3TmJCbTZWamhZeHF5UURpejZXbHdGcU9Sb1pjY2lJLVJMZHZOLUQySkd5WGlRNWZFRG9wTmk2QQ?oc=5,not_articleish;google_unresolved_news_google
Google News Foreign Discovery,google_discovery,Explainer: Malaysia's unique rotational monarchy - Reuters,https://news.google.com/rss/articles/CBMilgFBVV95cUxOakpyZDZFa0JCNl9fTXRXSGhfRlVqLW85TkRWYkVUbzA1Y1E4YW8xRV9LRVVvWGtTOEdOVV9DSUNxdUNxcHg0Qkszd3hmSVhkT3o3aWVTclg5N2ZtR0JhNXRkRDQyb2NjemdxM0NIOXRIelFsLU83V0dXS3dOb2QwSnRRa1VHUzlYSWJDM0lHUGM2WG9oYnc?oc=5,not_articleish;google_unresolved_news_google
Google News Foreign Discovery,google_discovery,Malaysia’s tech revolution: Rising to the top in the global semiconductor race - Reuters,https://news.google.com/rss/articles/CBMiqAFBVV95cUxQYXhvd29ibVRKYkg2UjZmRmtoRVgtQkFKUG50a1E3VEQ0S3lZUkJrYUNyWkZ2b0FNWW8zSzNibXBxaF9uMS04ZXFEVmFQbWRhUVNpWjd3QXdoWWV1Qmg0VVpJcmtkWFRSNWdJSW1RR3dkdVh1UUpzczB5UW1kSW93VzdxNGpaUnlucDZfSE1zZjlnOVB2NHM0LUNDSzFpRHpmU0hBcHBrbjI?oc=5,not_articleish;google_unresolved_news_google
Google News Foreign Discovery,google_discovery,Malaysia and EU resume free trade negotiations - Reuters,https://news.google.com/rss/articles/CBMikAFBVV95cUxOcFpMSTVjanNLWFYwZmtYOFNLSGIzclpTZzJsZllxUFF3OUo0VVpzbjVIVXpuSlJLcVZ2MFhYbDhxcWlYQ0xGVU9RaFpWU3U3RlpNM1RwdFFqSk1WZXRnanhTOGVGcWx0X3dxWjl4d1RWcXBJVVczWXMzUGJhY2VfTGY1MHJESUlEZkZjODlQNDY?oc=5,not_articleish;google_unresolved_news_google
Google News Foreign Discovery,google_discovery,"India, Malaysia to deepen collaboration on semiconductors - Reuters",https://news.google.com/rss/articles/CBMiqAFBVV95cUxOcFl1TThHeC1OcERTREVQbWZzaVVCVldKNmJVZFhVYzhYcU9TWmEwM2xxSk9DV05STnhBbTFDZ1BsQ203c2xUa3FfNmlSTHFJc3p0cUNIa29yRG9GU3p6alRWTDJ3N2VSSVpTYlUzV3dpeDBlODFpS1kwZW9IeE1WYldBQTZqQkl6RmlmdHd6ZDdEaU9JSXNwbEpOaEFRRkxuZUhJeUNzcFo?oc=5,not_articleish;google_unresolved_news_google
Google News Foreign Discovery,google_discovery,"Malaysia campsite landslide kills 21, including children - Reuters",https://news.google.com/rss/articles/CBMivwFBVV95cUxOS2F6RkY4VEdLSGxSUjFObWozQ0p0eWs4NzR1dkY2aFNvX1V2SVhndjBKVzNFZEM4R1VMVHhON09xMFhTUTZPSGk4a1htZGRha1YxYzdsbV9sWjhEd3E2YTVsU2h2N1I4SkFnaU5xMVVEMlVBZ2taX3lyNnlJcWEwSGRtWHZGeld5dkE5eURiU3ZxbWd5MWJDTzZaM3NnVzFxalJlZmNEa2ttLTNNME85MXNReVZMXzd0b3cteG1hNA?oc=5,not_articleish;google_unresolved_news_google
Google News Foreign Discovery,google_discovery,"Malaysia PM Anwar Ibrahim to visit Bangladesh, focus on labour issues - Reuters",https://news.google.com/rss/articles/CBMipgFBVV95cUxPWWFZWnB3SHFsWHR4RmlrSm41NExfVmJGQmw4cGZKMEpUNGd1YzJvMXBhWF9UMEJJSzF4M1ZoQlZ0UmxmbmV6MTNqLWxoRTdTMHBzQ0cwczdlcmdGaWFKbU9IVHZudW1NRVFwLVh2X0p5bnNOX0dwMHM5NnFFWmk4bDhqdDhYRTR3OVJDTFVuWHBxaks3TW9kTl9YaXNGNm1vRHROc1p3?oc=5,not_articleish;google_unresolved_news_google
Google News Foreign Discovery,google_discovery,"Malaysia to discuss sectoral tariffs with U.S. at ASEAN summit, state media reports - Reuters",https://news.google.com/rss/articles/CBMiyAFBVV95cUxQcmp3YXdUMFpadWNDWmo3WVRnb3dpNGRTUThFekRRd0U4ZFhSeTdnZ2QtV0lBUUNpYjBDRjFGVXFZUDhDMlY4OC1aZ3BmNXVnRG1ocnQxWV9oUDVoTlA1MWVmaG1jZU1nYm15eW93QnFmb0xuS20zS1VqT3BRb2JhZzd6cGFOdTRKVFM5Z0t4bHVJZTlzSktvb2ZBcEJHOGZNU29WbEItUGI1ZkdoMmVyLTFYLVRoRFhTRDdmLVRhNVV0NHUtbXBfYQ?oc=5,not_articleish;google_unresolved_news_google
Google News Foreign Discovery,google_discovery,"ASEAN to assess post-election developments in Myanmar, Malaysia PM says - Reuters",https://news.google.com/rss/articles/CBMiuwFBVV95cUxPQ284czQ2WUxYVWcxbWk4Q2hlM3hFZEpQS1VoOE53dzhPTE81bHpreW9ON2hLU2E1Rmd2OG1QcEQ4MS1GQldNcWwwWjZLRGFucUF5WEVueW1kX1RCbDBRei1nSjhJTE5yMk1Qal9TNkpPWXhFUVRHRVloR080bVpZWFllMzBUNGRJR3RTT2VhUFZ1YzdyYXRkNXF4UGhuMy1qZDFzVDBzdDJveXQxalVON2x0Wi1zcVdDRXJj?oc=5,not_articleish;google_unresolved_news_google
Google News Foreign Discovery,google_discovery,"Boat with Rohingya migrants sinks off Malaysia, hundreds missing - Reuters",https://news.google.com/rss/articles/CBMivgFBVV95cUxPT212VnNBVDVhakRfbWpNTHRiVE9JY09LYWhkQjI4M3FZX0xrLWdmeUJhRFdhcjFKYUZuaEpLRGVpNUxGZTRXQUMza1FDR3VUSl9KX3B4X01laERnMEVENFR5d1d6T3dsVkJBbFhQTjYtQkhZR2tHdWFBT2cyZHJyc012aktBaEhRN2lCYWdQMFB5b21rampyZDlZNVZoLXh6dDRFbUwwd0tkajhDUG1KQ2huLVRjejNLSnlrRFRB?oc=5,not_articleish;google_unresolved_news_google
Google News Foreign Discovery,google_discovery,Malaysia's top court allows jailed ex-PM Najib to pursue legal bid for house arrest - Reuters,https://news.google.com/rss/articles/CBMiygFBVV95cUxQMkVkYU1Oc2VpSk1QdS1aOTJXbThmOUg5eXZKX0RmLTBnN3UzN09VUVV0NDl2U1B3U1pzUEg1dEFTem1tdVNFa0JwMzl5N041LTFaMWpCNUQ0S25oekpYYTNRNUtMUXZtREM5OGRhX3Z5NzIxYThYRkd6WlA4MDVLU1pnbVk2NmJUN2pRd2ZhSEVNaldSaWVKNFdLd3N3bGNfWHdjRnJwTkd6X2ZCdXZVaGNMR3JUWlgyZ0FOaXFmVFJyVm8wUTRfcmZR?oc=5,not_articleish;google_unresolved_news_google
Google News Foreign Discovery,google_discovery,Malaysia restricts access to Grok AI as backlash over sexualised images widens - Reuters,https://news.google.com/rss/articles/CBMiywFBVV95cUxNX1pTNVhfN0JCX3VvRkl6SGZ4dk11cnFvd2pFZW9OY2s3bmc5bXViWkJZTEJjRUt6bGJINUR2WXNxaVhnYVhpdkYyX1FsTzRtNEF0eVdMWEdCcHFONlhDOWtzdVEwZkhEWHFwWFZmLUxWeE5ORXgxYkl4ZkRWcklTWVlyZ1ctdkxUTDFTVGVFUGlhU3BGcW1TR3FaZ3dtcEhTZVRGWXFTV1FwN0FaYm5JTFo0eU1VY25wOGVpRUs0bmdLU2U4N0VwS3lYZw?oc=5,not_articleish;google_unresolved_news_google
Google News Foreign Discovery,google_discovery,Malaysia: A soaring semiconductor opportunity - Reuters,https://news.google.com/rss/articles/CBMifkFVX3lxTFB1SngxaTdLRjZkdllXVGlPSExoQ3hfcWJzejFZTGtmLU8tSVc2OGVLOUJnX3g5Rnd3UWY3T1dva1dKamxsQUhwb2VyMFdvZUg1ODdVUS1qWHFIM3FlR3NhNGNzTFpMVHc3TERSeHpWcnU1N0p0RXlxVzR2eEpNdw?oc=5,not_articleish;google_unresolved_news_google
Google News Foreign Discovery,google_discovery,Malaysia's parliament fails to pass bill limiting PM's tenure to two terms - Reuters,https://news.google.com/rss/articles/CBMivgFBVV95cUxQVHFOVkhQaUNxUVVFY1lVdHFEczFmbG9YRkZmQWQyU0phVTBVZndDT216bktPb2hEOFMweXo5Y1ZFcVFYRk9rZnpsaDdBZkJjMmhoMHRFanJ4MnE2YnJGcUVLSjFsR0dEMFBuSWV5blpibkZEVGlIeFpuclFYUTZ3aXY0d0pZajdZd1BZb095aUpZcVFiVzFxQlFtZFo3TjZMb3dySV9rUFNLbHpjeVNOcHpKc0pBZHpwUWE5a0dR?oc=5,not_articleish;google_unresolved_news_google
Google News Foreign Discovery,google_discovery,"Malaysia commutes death penalty, life terms of 11 drug convicts -report - Reuters",https://news.google.com/rss/articles/CBMivgFBVV95cUxPbVA2MTFRUmxwR3R2QmxYUXdyTnRRU2EtY24wbzJoakxSWkZOeUdzOUZhamsyLU1GcUJ3VDlxdVlTOWpGTFpNUjNFUUxLQ054dDA3ODVfUEluNlBNbzVvTzJzRjVoZ3hKZWNKVTZXdjZQQWo0TkpseC02WlBpcE01dHFqYmR1SFV4ekNJWGVwZ0N3RVB6UGkxbl9OSnlCMXRrczZDSEw5UUVKUHlHVlZnT3htUHVmN2NRbmNfQkl3?oc=5,not_articleish;google_unresolved_news_google
Google News Foreign Discovery,google_discovery,Malaysia to establish data centre framework to streamline policies - Reuters,https://news.google.com/rss/articles/CBMiswFBVV95cUxOaVlTRHpyRDRaSWV2RzRGNE00dFN5X2t3TW9vOHpYOU45dzFrTTh2YlJGS0lhLTRCZGdGeVY2MFdKT3VNaXpHam9ma09yLWJINEhGRG5tcWNzRXNseGg1V3NaMk90Z2Y3TW1sSWg0MW1ydnBjSzZFTkVWeEszUXdjZ0xhUnRvSy1IUmFGRkFDZ1NfZEUzcW9MUWdLWlFDMHU4Y2VIazcxdGd0aF94akZLcHBFWQ?oc=5,not_articleish;google_unresolved_news_google
Google News Foreign Discovery,google_discovery,Malaysia shelves web traffic re-routing plan after censorship concerns - Reuters,https://news.google.com/rss/articles/CBMi1AFBVV95cUxQT0pIYlpyMUN6NlV5cHZYTTJ4U2RDZ01XTFE5RjdZeTAxQkVFQmY4a2VaR1JzeEVhRzVROE8tMm9JclBZcGJtVGs5OWVYTXNMVE5zLV8tdGtZNWtWcDFsdTlMZmZvd0NUWXBmLUFTcGFLLWJES05LMGZoOFNPUzZkOFFHZEJQcllxNTdVaHdPSi05YzEwbGhOeURtRDFYUGJla0taSWlyT2xLMmw4YWJHWU96WnpPenJoYWNDU1pHamd4Q0sxMU9qNHFDUnNPNVVFcmt2dA?oc=5,not_articleish;google_unresolved_news_google
Google News Foreign Discovery,google_discovery,Late sultan's heirs fail in bid to challenge French ruling on Malaysia dispute - Reuters,https://news.google.com/rss/articles/CBMitgFBVV95cUxNZGZoTmkzenpxMXQ4anYtalYtWmFkWE5uclBoVDMzV3FrLTFLYUItSEJlS24tSnNjck5ZUjR4MkZyeDVCTS1qUTBFRUN4TEFhTXUzd2QxRGNpOFJTbmJLU08xb2F0T3UyYWNScnFRS3FIbkdLbXk3MU5CQW5oemVoVTNMZjRUd1hRczFYVGhZbHRzbTQ3a3BSLWRKQmpvbGtDeEtORjU2amUxNEVZaWVuUkpVOVZiQQ?oc=5,not_articleish;google_unresolved_news_google
Google News Foreign Discovery,google_discovery,LGBTQ fears grow in Malaysia as Islamists shatter reform hopes - Reuters,https://news.google.com/rss/articles/CBMisAFBVV95cUxQMEcyTEVodmZkRGMwd1Vsc09JU3J3ckhiWXp1MDYtc3Fjc2M4M0lOYmlnazl1MnNiVy1mM3BWVmk5YllublRNdE10TEFyWF9mRHFqVnN2RW5oOHJTVzNkQVJvMTh1a0dfNnhuQlNqUTFUXy13MEF4cE04Y0cxTDRnZWw1a3Ixc0JRdjdJSHBhX0h4UFl6bDRyRnAyTDQtSHlXbWNWV2QwcmdfSkRuYXpseA?oc=5,not_articleish;google_unresolved_news_google
Google News Foreign Discovery,google_discovery,New blow for Commonwealth Games as Malaysia rejects offer to host in 2026 - Reuters,https://news.google.com/rss/articles/CBMiuwFBVV95cUxQemtJbkRDTFJSa2VYVmpxNU5mWk9uQ3N3R0Q3dGZyMWJnSXJ1c3hXaGFBZkxLQ3ViNmRjZnU5ME9aeE5XWFVINEQ4MllhS2NlbFplcEtmOUxJckNYSmc2MDE3Y1Z5NDU5cjZURVN2ckRIMlpSZUtaa0tZcTk0dVRKWHpKTEEwYXRYc2dpTjR6NTZqT0d4Zkxzc3hTcXlOUFV6ZzEzdUl6Vmk2SDhjdy0wNmE2dm5kckRHM3p3?oc=5,not_articleish;google_unresolved_news_google
Google News Foreign Discovery,google_discovery,TikTok on 'high alert' in Malaysia as tensions rise over election wrangle - Reuters,https://news.google.com/rss/articles/CBMiuAFBVV95cUxPNHE1QkNSQU52TGNRNG5wWHpxNzVNZm5fbjJKbzNOWjh1SUstMDZSelpEQ3FMSWxMXzZubkI2czZ3NUQ1TEhjNjdYMFVuTURha053LWVjaEtJaFdENEpPT2FLRmE1WHdOeW4zTWxlN2xWYnBodGtCa1BfZlFxNkk2bThvV2lvVTVaXzFHamw2bnRIMWRTUmg0SzdDUjhMbXYyX09nUGlNQmtxMm1EZVRTMTdqdFo5VWJI?oc=5,not_articleish;google_unresolved_news_google
Google News Foreign Discovery,google_discovery,Former Goldman banker Ng to be returned to Malaysia in 1MDB case - Reuters,https://news.google.com/rss/articles/CBMirAFBVV95cUxQbkRrYmdKNEdIZ3hDek5ncEs0NTlCMmRNbXZvcmExWVh1VmEwMnRtUTZpb2JLLWlGM0RNekpOOWZkaVpmaUxTREh4eTAtdWVkWGVkM05UNHVRdm1DT1JjTmRXOWVYTDk3Tkoxdm1PYk9RT0tqLWFmTDE1OGk5bFQxNF82bzJEZ2pQU0R1Rnl4NTNodlRYdVROM0VzUC1zSXNkdGcwVlRqZWdqVzcy?oc=5,not_articleish;google_unresolved_news_google
Google News Foreign Discovery,google_discovery,Malaysia says Beijing concerned about its energy projects in South China Sea - Reuters,https://news.google.com/rss/articles/CBMiwgFBVV95cUxQbldJa0RTb01PZ0xrQm04RFBJN3dCcGFzNWZGdTk5TmZnYzNJWmY0aHYyMDdwTUVTaEtwbDBleDA0YnBDNko1VlRjY09UcGc4a3J4TkdVWGw2YWJqYl9CV2c1S0VYZkFtMUNXaU9jYUVfczBYd25MbnpRYjBoUWJMZzhDX1kyRWQ0TTFubDhyUHBwNWdRajZUTmZfSXgydS1FT2J2eWVYY2UyZERQMlI5TER5Z0tIeU9jV0xoTFpxVU4wUQ?oc=5,not_articleish;google_unresolved_news_google
Bursa Malaysia (Google fallback),google_discovery,Home - Bursa Malaysia,https://news.google.com/rss/articles/CBMiREFVX3lxTFB4MzFkVTRpclMzN00zLW9NM2FLUXEwOU8wZ0htbVozbFZwREEtbUdSN0xkYlkyaTdLcTR4ZjVhSHFsZGJJ?oc=5,not_articleish;google_unresolved_news_google
Bursa Malaysia (Google fallback),google_discovery,Prospectus Exposure - Bursa Malaysia,https://news.google.com/rss/articles/CBMibEFVX3lxTE54a2tfa2ZpVVhYOE1CU2dfbTZLRnBqY3IySHpNaXJJMm9EbWxCdjJucE1YdHRyUG90NTFnMHE1Rm0tWDJfZ0tDRWQ5aGVDUnlvQThud1M1R1drb1ZiLXlQbkdmcExxeFM4UWhzdQ?oc=5,not_articleish;google_unresolved_news_google
Bursa Malaysia (Google fallback),google_discovery,Company Announcements - Bursa Malaysia - Bursa Malaysia,https://news.google.com/rss/articles/CBMipgFBVV95cUxNSmZOZjhSUHlBZDNkRkdkVjl1ZXlYeXRvMDk0UmVYc0RvV0xVTEN3RFgzNm9vSE16blloYTlqN2lNeTVuMkRTblg5aVExWXdjYURud3VyNGRDNk1HWVBLVi01MWV0eGFZSmJxMnpNaWttR3RsSUYtQXd5NnFPT3FQZlNoUU55YlZKT2pIc1BpX3NQVzJWWVNHaVNiSU1yMU44YTVwRGx3?oc=5,not_articleish;google_unresolved_news_google
Bursa Malaysia (Google fallback),google_discovery,Bursa Malaysia Derivatives Berhad 199301007200 (261937-H) CLOSURE OF THE EXCHANGE FOR HARI RAYA AIDILFITRI HOLIDAYS 2026 - Bursa Malaysia,https://news.google.com/rss/articles/CBMijAJBVV95cUxOMXhEbGROVkhIdHFuNDdGMW1TXzJDUEtRb01PUkRmT2lOZnBtVG5lOVBRR3UybnU2cnpwUmpfdUtTblVaZDlIR3VSLXdjV2JBQW14TUZQMS1CcXFVMXV3RHJleERUZFowbC00X2NkbkRCbW1pWnh1b19xWHh0ci1nUlRDamJUbHNyOWdkNnJuYjlRdXBOd2NyMVFjdllZVHZjemxxNzcteHVNYjg0elQ3WDBTOTZSakZoTVE5clpqX2NBNHZWZnpmTThLbENHSGxrWnQ5MEJLRS1TZlJIeXRnV2RKM1lIdnlhX3dOSGRGVC1WbEJqMlpQcWlIZmM0c28zeFJNbjRST2FpVXRs?oc=5,not_articleish;google_unresolved_news_google
Bursa Malaysia (Google fallback),google_discovery,HKEX Bursa Malaysia Large Cap Index - Bursa Malaysia,https://news.google.com/rss/articles/CBMipgFBVV95cUxQbEhSZlBiRl92STN6U0xPb0txY19FZkp4U0lpUUEwN1M2NFVsdmRzajRqdUtLaUJFbjdWc05YODlKc3R0N2E4YnpteFhvOGU4WHBqZVJjNzNTc0VCZE1WdmMtN2JOaU5sSUw4dUoxRUlhT1o2U2JlWE05c0hpUGZpZDE1Zzk5ekg3YVlyOWtYQ2l6LWVXM0V6Yy14N3VJeHVlbmw5Z1h3?oc=5,not_articleish;google_unresolved_news_google
Bursa Malaysia (Google fallback),google_discovery,CLOSURE OF BURSA MALAYSIA IN CONJUNCTION WITH HARI RAYA AIDILFITRI PUBLIC HOLIDAY - Bursa Malaysia,https://news.google.com/rss/articles/CBMi7AJBVV95cUxPYlRGVnNaRWtZRWpuUGhBNzlRZHhDdmlIT0NieHFDdzFSSU5yMlZ6STNLSG9UaVBiRURxN2s0eWN0bDNJRFZhcTI1TWxEdHl2eWpFb0Q3eFZ4dUVoYmdwTkM5SnROeW55QkpaXzVGYlNWM09qelhsc2kwYTkxOXloczlhZW0zM2NhdVJobHd5Z2V3emYwN2o3QW9wTzRtdGVyNXA4N3NKaS1HbFJud2M3VDd1OEYzTWN1akpjeHVrNmVaYVByc1luMTItU2h0TkJIbVJ6b3hIMkJxZ0xpRFI4cXNHV20yX0Ffa0pjWGgtQU1MQzZvWFFobjk2TjI5YjJQaHphaTZhN2pYRG1WTXU0bFpWcWxRTUZCYmc0b0F1enR2Qm1XYWprWmZNVV91M29XQWVlT0NLb1pwUnNJcm8zazJ5cVJEVVctZ1FnTFdRLVVQUG5aVkF1UnliWlJ1ckUxRXhWVHFuT2RsLXBz?oc=5,not_articleish;google_unresolved_news_google
Bursa Malaysia (Google fallback),google_discovery,BURSA MALAYSIA SECURITIES PUBLICLY REPRIMANDS AND FINES KAF INVESTMENT BANK BERHAD - Bursa Malaysia,https://news.google.com/rss/articles/CBMi7gJBVV95cUxQMnBOd3RZZlRkSDhvTV9zUEtaa0YzYVFMeXJVS1Z1a3ZVbFBZUjZiRFRvazB0SjctbVRBZVN0dHh4YkswdTM5X0pVanZMRTBtbkczekZfcmdZNzNnNnE2RGZ5SnN0djlJeDVsRkozejhveUp6bVZDZ2ViLUgtZ01UendwNEVaWllBel9KUjh1RHlkVTZ2ZjBQOGd4ODNlSDB4TjYxSU1kQ0ozS2RkN2Q4Tm5LLTJNVDYyR3ppbG1tMm8ydUR3eU1JbENIakMzNlo3TE5CbEZWT0R3eEUwRDlvc3h3UXh2UzAyaVdIZF9PWlRYVU85MkdvVGFRSExqMTdxLXVEVFF0RzFBYXJSR0hiT3luX1JOeldjcWlNRHJKTk0yRWNEeE5mcDgycTkxVjNqeC0wWXZUQXVLMEIwT25YTUxVZHBjNnYwQ1hBZTlzMXBLM2ZTSDU1ZzRvRko1RDRRRmtTdnJOc2hGQzlsTEE?oc=5,not_articleish;google_unresolved_news_google
Bursa Malaysia (Google fallback),google_discovery,Yayasan Bursa Malaysia: Call for Programmes 2026 - Bursa Malaysia,https://news.google.com/rss/articles/CBMixgFBVV95cUxPWndoZkZmMnJPMG1JN29xR2dvQkdpSjBFVFo0Zmg3TWZ3WkpYbnR2VmpWS0NLbVJlNjJMZ0Nhbjd2ZF84Yms3Q2NOOUo4dGp0OFIybzg4d1BEY2gyMHlkVmtMSGM3SlR0eVRaM1hMS1QwZng3alB3Y095TlBMNGxjNHk3S3Y5OUNTdlJtWWY2S1JhaXpUalFYQVZlRk5ORW1zQnFWX1ZLUUtENzFqdFFpeHFLdnRucUZuQTdlVWlSdDVBWFVpMEE?oc=5,not_articleish;google_unresolved_news_google
Bursa Malaysia (Google fallback),google_discovery,media release equities trading data reclassification takes effect on 6 april 2026 - Bursa Malaysia,https://news.google.com/rss/articles/CBMi0wJBVV95cUxPajdKMzhreURwOWlRZm5EeWZvVUNZeFNBUFRXMVNMVzkzZFk5ZzkycHB2clRHZHZBNFhRd1lGN1JkVnNQTS1WUlNwcjZtWmx4LWNuYXp2NmstZ0gtNk5oVFIxcWhLOEF4X2tWOGlzcWlGMU43SHZUeXNneUFFRDZuTmQyb0lyMDZTS0lYWnZBYVZZbkJHNm15TUlmRjBYVmpac2JITURJZUp4dTJiRkdIa1NjV0xKaXNsZDVTOW1WWUhRRzlwaUpIUVozQTRRcnhxWG5KcGIxQVBhQkVma0hNRC14OXYyNWtwWFZMYlBHaVpzRFlRNXBEQks3c25pYVhjTzFTaVdhNlY4OFN2aUNQTm1wblBvU3hoRVlCYVJHQ0R6Sms5SEVpM0hJOEE3a2FHS203Mk1NbDNJQWFKT3hSc09qUFRYR3M2aUdXWS1xWnR0ajQ?oc=5,not_articleish;google_unresolved_news_google
Bursa Malaysia (Google fallback),google_discovery,CLOSURE OF BURSA MALAYSIA IN CONJUNCTION WITH HARI RAYA AIDILFITRI PUBLIC HOLIDAY - Bursa Malaysia,https://news.google.com/rss/articles/CBMi7AJBVV95cUxQSFNfWmpkS0VHZTlLT29GS3lRWlpheTQyQ2ItSlZZR0JiSDhjSHdrU3BsWHpQR2ktN2lldnhtODRQM2FUeExyLW5Kak53TWtoS2UzNHNBYWdyd3JxejR4VWtOYW9kdFh2dnZ3U0E1dzBYSXYyeEtPakk2c1RMS01hdkNuWkZQbWtyZS1kRzUxRmdoN3dSYlY0X0tIdlVIdjJNb0pqbFBLTW1wZ0p0Umc0SHl6NUFqb1R1THZ3UnN1Q011eWlkUWlsSDhac0ZUaUJ4VUNHcU80bjE2V1ZPSXlBbTgxODM1b3FndU5oc2lEXzhEczMxZXpTREZGdmdNTmVwNDNkSFBEVjBkTy1tNThrbmFJYmNYNXRMU1dLbGRicFp2aF9JQ2d0Y18xY0JlTlpCZDBrSm55NWo0MlF4d3FCUHdSVWt2cVR3UXgtOVExNEJPeGNzMDdEaU1fMDVreGJRWTBLYnBadHRwMVA0?oc=5,not_articleish;google_unresolved_news_google
Bursa Malaysia (Google fallback),google_discovery,How is a self-billed e-Invoice different from a regular e-Invoice? - Bursa Malaysia,https://news.google.com/rss/articles/CBMiywFBVV95cUxPV3lyTmJjbFkzX3p4MWV6ZUE3bWplbGtxcVh2bzFGUFBWN1NCcVlqUDE2dURpQlduVkJXS1p1eEc5Y3hocm5EbC02X1kwLV9xZ0hRaU5XUDhqQjhveHF3RXZYQ3FrM0p1dlBTWkN5d2k4NWRZWlh6d2I0djAzanZYRUt5QWkzQU1wMERwSl91dWFlV1RIVTk3Y1ltTTBTTlVBT3Z2Zm5qY1dmX1U0VDI3bFJLaUg4d2l5a2hHcjlqcVU2cW5BRXpyeVZCUQ?oc=5,not_articleish;google_unresolved_news_google
Bursa Malaysia (Google fallback),google_discovery,Bursa Malaysia Derivatives Berhad 199301007200 (261937-H) CLOSURE OF THE EXCHANGE FOR HARI RAYA AIDILFITRI HOLIDAYS 2026 In conj - Bursa Malaysia,https://news.google.com/rss/articles/CBMisAJBVV95cUxPb1RiN1AzMG02SkZ6aVpXQ24xOGc4NllrbkV3QUI2Smo1ZUx5RWRFN1pLalZVNkNfdF9PTm1ONDIxSGdmMmZNTVNSS1NxLTY1NnBHenNSMzV3QUUzZlNjcGNnSWR6eTBRaHBBNU91cmI4TGMxcVdieDFoSkk1S1RHYUdpZnptaGRxZ0YwdUk2SlZDaEFOX3N1R3VvcXFkcWU4dk1SdXNjcnhnei1MVzcwMVhGQzFOTXEycFk3bVFwT2d6d3BkOC1kRDdINlo3eGpycXIyRUktZGMwdFFSc1J2SjE4dWtlUUJ5N3IzVktYLTBpa1U5ZU80WjNuOEFpblVkSXRscDdOeGVJUnAyamV1OEZhalZNcGVCczQ5aXNLRmlkVG9sOEVGV0pOZG93OXU3?oc=5,not_articleish;google_unresolved_news_google
Bursa Malaysia (Google fallback),google_discovery,SIMEPROP - SIME DARBY PROPERTY BERHAD (5288) : Profil Syarikat - Bursa Malaysia,https://news.google.com/rss/articles/CBMiqgFBVV95cUxPWFEwbVlaaS1XR0ZJN0tjZmJqdmlXUldYY1pfN2RFS2JnTkZJODRjQ242UlE0eUQ2cEFZeV9UMmhzTVdWZzc5QVBBOXpBbkN4ZWx1ekl2aGhONVp2QzlWOFIzQzZkTzFJakpYMlM4clVEeFdTUjF4YllsdFY0YWxVWjVLdUo4bHRIWl9lb0wweXpCYkZaeVgxRUNiZlBHQzJ2OWcwb01CakxaUQ?oc=5,not_articleish;google_unresolved_news_google
Bursa Malaysia (Google fallback),google_discovery,Application Form For Registration Of Bursa Malaysia Securities Berhad Participantship - Bursa Malaysia,https://news.google.com/rss/articles/CBMijwJBVV95cUxPdHBkQ3FNZEpDeWpOY05DWDRmMVZRUm9CYlNuVDM4THA1N3RMWTBDLWVrV0ktSS16Z1JKSE1PQjBDVVRSdzVhbTFJbW9kcVg2Tmp2QUZYMTlJZER2LWgtWFRjYmFFMVRSbXRUeURGckUwdEp2Y3o1b3c5RDNSTW0zN0FZa19PU3dFZHROTkFyVTdOYzFqRFU5UzRiMG10WlNOM3J5YnF0bFhRUUI5akQ1THZUancyUHZmY0pIZ193cWpVcUx2bmh5TVRlam5jMklJN2pTVUJUc1FYR0doMGoxQzlSUXNMVUY0MVE1SVR4QXRUVmpDNmplSnJtcXRTS3RtYzNRcExWVmhubmQxQmlr?oc=5,not_articleish;google_unresolved_news_google
Bursa Malaysia (Google fallback),google_discovery,TM - TELEKOM MALAYSIA BERHAD (4863) : Profil Syarikat - Bursa Malaysia,https://news.google.com/rss/articles/CBMiqgFBVV95cUxNZG14UGtaSHRReUNPVDdKQldTbVE3a0JhYlBxa010WDM5QlRKVVczUmdVOFRtS2prQnYxc2JJc1VlUFBJbFVJczQzaTZKNWUxMnM5Qi15Tk1ybmNGTG5EOWx4M0dGcG5UZDRIeHlBbnlBdW9sVnpIeTJtc0I1UWt5NGM5cUJzWUF2anZuUWxZbnNZUnAtYmZYQy1fR3UteU02dGpwRWowc2xTQQ?oc=5,not_articleish;google_unresolved_news_google
Bursa Malaysia (Google fallback),google_discovery,Page 1 of 1 Media Statement Bursa Malaysia to Reclassify Investor Segments to Provide Greater Granularity on Trading Participati - Bursa Malaysia,https://news.google.com/rss/articles/CBMisgJBVV95cUxQSDVyQU9LZDh1QXFtOUN5MDNQbmlhYVlJWWI4aEFUem1xN3o1dWZvcHpfOVFWMWs5dkQyUFVrb2VRRDBXUkhVR0JTTzZoa25iMV8tZ0dPUm1TMTZlYnBzb3hHMEZXVDRYdkdjY3BTWHRla0RSWUtEWEQzQVZ4eFVjV3VaaFBWelkzQzNGaEQycEl0YjlPb0tYaFhvUS01c2ROVHZiSWN6RWVmTENPazhkZUswMlpIQjNhR3UwU3BuRTMtM29ac0ZyT3VhNkoxYXdKWlBwWGxOc1daSkpNN0NPbFE3WHo5aFFkUG1NOFZtN0p2SXg3NjhhWmZTWW5YTllmMk9SbEozX0ZNQzA0ejRFZ1ltbUVucVYyOVFNNmpfOW5GV1dhdGdHQW9QQnlaeHV5WVE?oc=5,not_articleish;google_unresolved_news_google
Bursa Malaysia (Google fallback),google_discovery,PETGAS - PETRONAS GAS BERHAD (6033) : Profil Syarikat - Bursa Malaysia,https://news.google.com/rss/articles/CBMiqgFBVV95cUxQWDgxN3ZBOFkxUmtheUdGanZqVlFWNGhMR0JpSF9oRDVVWmdwY2hheXM5ZWFqSF9MSm5NcVNLczVRcEtEMkhGN3pMV0JWb3NZQ0ZINlhMLXFjTHE0OHd5ZG4zbnNkeFROZG1OQ3RRMjhFM3pVZkhzZVRreDJmQVE1NlBKOUxncGtGRVg3SWdvOGNkOWh4ak9nUXdEd0lYZEpnZlI4cllfTnNTUQ?oc=5,not_articleish;google_unresolved_news_google
Bursa Malaysia (Google fallback),google_discovery,Bursa Malaysia Securities Clearing - Bursa Malaysia,https://news.google.com/rss/articles/CBMi3gFBVV95cUxQc3NBenVBV3BKNTVmQVRBWGhOYTVsX0xpRWN4S1NyajV3ZWd6dVRpRXVhbXJWZ1kzaHl5d3VFYXg1dDZPZHRzcUdhMUdVeUNLa050eUpjRGViS290QkpNc2JtQWZqNFc0Q1E4c2ZaVEVIRzcwZEJfblFwcmhiZ3RrNjJVYUlYM3h3UlV0MkExeVlVYzFkZkJ5dVlMaWdhQzZGeVQ1QUZHOHd4UVJCaHJIcHRTcmxoY0x3STg2VERZMkhLRjBSdmFoQkN2ZFpXWU4zdWJISzJkUGo5WFM5ZHc?oc=5,not_articleish;google_unresolved_news_google
Bursa Malaysia (Google fallback),google_discovery,FTSE4Good Bursa Malaysia Index Futures (F4GM) - Bursa Malaysia,https://news.google.com/rss/articles/CBMizAFBVV95cUxOcXFaMjh0eEl4OHBHbW00NU1aMFJsMHBhTjVITTlPd0xad1RsUHBBTllzV2VHNDR0X2ZFVERCc1VKUU9TYWlCc0Mtd2dzMk5iT2Y5TFJldTBsTlA4c3NvQmRxYWotV2hUT3RDRlRpeHRSTTF0RDdWSl9VT19Cc29CcUE5Ym1Ed3hLcElhOV9yUmlhV1Z5TXY0enJlUGVqTnUzcS16WjR4cmFtNmZXN19USkptaDJySHVtZDRWRlNlQm1PX1V3bFA4YUgyd2g?oc=5,not_articleish;google_unresolved_news_google
Bursa Malaysia (Google fallback),google_discovery,User Briefing for New Bursa LINK System - Bursa Malaysia,https://news.google.com/rss/articles/CBMixwFBVV95cUxQSnhDLVhZeFNaVERhUHRPRU9DZFJQOFRVc0JjN1dZVnNXS2haMTBvM3NFdXFHUGN4azItclgwWTQyc0x0aHptVnVxSkFhUFNTM1RzZ1lCcVA5MFlDMEpZREtISUJaWnFxdVY3YXVLbmNxMHpPcTlWNlVkdFU2bGlHU2YwRzlaUDlRanM5NnpKa2RmckYwSzIwdXhjN3NSV1h5OVkwR0k3ZUQ4dHBPWU5nMFJVZ1AyRFlaUWxpMVl6aW9xdThiekpj?oc=5,not_articleish;google_unresolved_news_google
Bursa Malaysia (Google fallback),google_discovery,UOB Malaysia and Bursa Malaysia Collaborate to Support SMEs on Decarbonisation Journey - Bursa Malaysia,https://news.google.com/rss/articles/CBMi7AJBVV95cUxNZ1lsYjl2RENvSEtLVlNheE1saGZvMlRrY1FJZTdxd3FNSXB3ajRUemNpNlRjTXBtOGhZbHFvelJidU9SeXYydE5LT2lRRjVnZ3lxQVhkVHZ1RmdodEk0YWVXRnB3cW9fRUt1cUN5X3FCd2RETkNmWGFneUtKdzFGYWRCV3V6eVBoYllTTmduN2FXMV9UUFB3OHlYNkVrcmg4a2NEZjJOa0tDNUtJSzNDVEEySWRfalkyZTlaenhrUlh6OHBBN0h2OE5fZWdkbExSd0FYX2hZMkFhb2FNZ2cxcEw0cUxJZjhlZWpJbzlpZHQ4bzdjNTJoQlJSZzlyS1E3cXVxVzhuREVmV1FueW5JNHBxRDlacEJwWUNsLWwwUlZuUld3b1dQd0pBV1JCZmdaTXVNQmZiYk44NDctZTZKenVXQndMQWdzeDBneVhmXzhKU3ZfS1U3bkxqUjVjNDBzLXpyVGd4elBIYnVY?oc=5,not_articleish;google_unresolved_news_google
Bursa Malaysia (Google fallback),google_discovery,Structured Warrants - Bursa Malaysia,https://news.google.com/rss/articles/CBMijwFBVV95cUxPZFhJMm9jU3JrVHRJTVYtc0s0Q0JaMFcyMVJoSUNYRTNoa1FrVDQzNlpMaFdGbzB5Wkd5R3NHVTdTMk4tNEt3bFJ3QVpnZmI5elhiWlJVWjV6aTVVVXdfTVBVYkNfTzN6VDNCVkZDbXJTTThJVXp5OXlaNXJCdmVXakViMDAxT2hfZkxaRU9VSQ?oc=5,not_articleish;google_unresolved_news_google
Bursa Malaysia (Google fallback),google_discovery,SLVEST - SOLARVEST HOLDINGS BERHAD (0215) : Profil Syarikat - Bursa Malaysia,https://news.google.com/rss/articles/CBMiqgFBVV95cUxNeWpfOWhmc084UDV0cXBBTHhJMklVVFRTZFJOTXljVENNSU51SV9wVTJ6eGZ1enBjZXl1SEJFbThCT2hzNzVweGRFSjhuQWFIUGV0RkNEMUNQZm9PNWZ1b05NLUpXUFlGNGZETHFUU09nLUJUdzh4aENZNmVlaVM0amxuODM3SnpJRFJOa3U0MktndFZwc0VJVDBuX2Noeld0dURxUWU0UXo5dw?oc=5,not_articleish;google_unresolved_news_google
Bursa Malaysia (Google fallback),google_discovery,AMWAY (M) HOLDINGS BHD - Bursa Malaysia,https://news.google.com/rss/articles/CBMiqgFBVV95cUxPSVkxZDBxZVFtUndZbFVibkhWREdoMzdFOGpSMVpsN3JyTHN6Mnd0UDNlTG81eW8yNzgyZnhoLXFXa2ZMakFFVE9QMUk5VDNwN0tFVFZWOFQySzRHODdXWTg5UEY4VHloRHViNnphVlFhRFlJUGhKb01mUmZVbF92WlFDZUowTTZEb01MZnFGWDVNTUp2VmoyVHF3LVZzc2EzMExkYjRSVE1pUQ?oc=5,not_articleish;google_unresolved_news_google
Bursa Malaysia (Google fallback),google_discovery,Overview - Bursa Malaysia,https://news.google.com/rss/articles/CBMingFBVV95cUxPb0MyaWR0Ynk3RFJKQXNld1ZoQlUzYTlzdC1FdlpxVk1DZXR6R1QxQ0UtWVhacEEyVWw5U0s1X2lueFFoQXhMejNaVVJYejFPLXpxOVZhTHRCRXhPRWlGRU85dFlQVURiM1RQQ3d0OEJEemVKMWplU2ZFeU81X21uajZKY2QzNjFFaU1fMS1hdEd3eGZqVGY1M2pBRWZTUQ?oc=5,not_articleish;google_unresolved_news_google
Bursa Malaysia (Google fallback),google_discovery,Scholarship - Bursa Malaysia,https://news.google.com/rss/articles/CBMilgFBVV95cUxOTERFSkpFdHA4WGpWdXZvT3BZRl80ajdRQUVRcGNMWnR3SUhZU3NDMU9HWHJDSUo2VUZ6LUktLVdwNXZOVDktU1JyVUtSdjlobHp5bkhxaWotZTdhczlPblFoWEZlSWh1OU9keUpXTHNWRklUUXdLR1JLRW0yUUtNRFg0WlZzOFFzZEdQS1p2M2RqNXdSY0E?oc=5,not_articleish;google_unresolved_news_google
Bursa Malaysia (Google fallback),google_discovery,Other Complaints - Bursa Malaysia,https://news.google.com/rss/articles/CBMiaEFVX3lxTE0yeEpMWGE0MjRqLW1LV2I1YXlCcTJlTDFER1hLalhSV1doRE1YTlJPLUZ1TThfdFZseU1FSUt3dE5WZW1NQ2hWd3Y3cmRXMng4Q1JzWmF3eGk4LWhDZ18wd3o5RUpBOTY4?oc=5,not_articleish;google_unresolved_news_google
Bursa Malaysia (Google fallback),google_discovery,Ketua Bahagian dan Jabatan - Bursa Malaysia,https://news.google.com/rss/articles/CBMirAFBVV95cUxPNWlZTDlkTjFCbVhfcWJwUnc5cTFzRHZENldnY21mclA0RW5CWGNmcjJCR05rZ3dLWWt3LV9McG9XOGNhYnlfbmc4ZHo3c201TnFlcGZ4d2pzVGlXRldMaXZQTXlBTXVoeHRURE1EMnM4R0NZRzlYOUYtQnVESWtvc1A3c1pWNVU2LVFSVkRKcmw3anhKd19OZ3JkZFpjOE4zd21EU2N4elN6d2JN?oc=5,not_articleish;google_unresolved_news_google
Bursa Malaysia (Google fallback),google_discovery,Amendments to Listing Requirements - Bursa Malaysia,https://news.google.com/rss/articles/CBMirAFBVV95cUxPNmhJUFllTDgyTGZuT1A0RFBjUUczMC1INTNVQ2RlV3pUVVg0Yko0OHJ0N1lCQVlYdnViR1VlU09Edk9IUl9rSEwtZDB2emo3R0tXdk1zWlJYTVhTY1FOdENaMDB2X2xIcVM5eWxlNWhsQjNZb0ttX2ZOS0lDc1RmSnVDREp2dnVfN1VmUXBCclk2Z3VOZnpSc2JqbXZVNExoQXk0SFh3dkNYUjE0?oc=5,not_articleish;google_unresolved_news_google
Bursa Malaysia (Google fallback),google_discovery,SUNWAY - SUNWAY BERHAD (5211) : Profil Syarikat - Bursa Malaysia,https://news.google.com/rss/articles/CBMiqgFBVV95cUxOeTM1RGVDN3ZaRVVwakd3LVFvUlJCcFBYQ2xCYlZYaGRIM3dqRXBTdGVLSERhZHNtOWhZTEZWS1p5MlJJbF9lZnRlRktPUUQtdThISk11NENJb1I2YXk5SkJPT2hBTEZrcng0WEZSZmc4QWJDcmw5TFNaMkJFSHNqQzlmTEZ0WlkzWU1xQ0hzUjNlTDVSTFVGUXJST2pLcUxhdnVJclRlZ3RTZw?oc=5,not_articleish;google_unresolved_news_google
Bursa Malaysia (Google fallback),google_discovery,Pengumuman Syarikat - Bursa Malaysia,https://news.google.com/rss/articles/CBMioAFBVV95cUxQdVNVTEFWTERoYXF3NzZ5eUhvRXZObGc2NG54Snd0NHdsdHJVdXdPT2FocEVpN01XSFFxMTZiLXQxQWtHN09PZWJIa1NwXzhKMnlndGxIbFEzV2JlVVJ3cmtfMHVXdFVlaTZVSWw4Tjl6QU9BWEFhUEFiOXpuWE9hZDUtNkp2T3dGS3RrQjBxRTNhWUdVWlVfNHYwYTlzT29f?oc=5,not_articleish;google_unresolved_news_google
Bursa Malaysia (Google fallback),google_discovery,Bursa Malaysia Securities Berhad - Bursa Malaysia,https://news.google.com/rss/articles/CBMi6AJBVV95cUxOSi1BRTk1cGt4RUNlTUxxblpUSjUxWE5ZRmE3N1Bic1BtZWFubkJLeHFtX1ZpS3hmZUV6c0VqZUVZQ3Q4TmlwbEM4ckx4cGcyRDVVX2w3aE9Hbk5YZ3ZyLThyZlJBUHhtVTVNRGF4b1BuRHk2QzhET2lsZnJDMlFIWUY0b0RwQXNmTV85UXdsdzlsLTJWaDdBblBnRC1MNGRYdnVFbExFV1pVWU8zZS1MY016N0lWUmU4R2V2UE0zR0FjaE52bFhlZEE3M2RlMWhMMFgzZU9hTnZBUFg4eVNPY3RETDB4VUlFdXAtUURwdTVyTjljb3hHV1poYUtXSUpoRGxtVE50T0c4TkhobUVHa0tyaENFRDhmN2l5LTN1NlhkbGtRTzcyUzlqS1FLYzRYNXNHS3hlRDMyeHFFSmVFR2VnNWl3Tm43SXZSLXFtOVVzVjBhYktKeVhGWXBCcmFXMmFCSFYwTUU?oc=5,not_articleish;google_unresolved_news_google
Bursa Malaysia (Google fallback),google_discovery,Trading Procedures - Bursa Malaysia,https://news.google.com/rss/articles/CBMiiAFBVV95cUxOVmpFRkhnVVRyLXdKVTFhR2RDaDFGY2UtZlU4amo4RGJfN1NjNzc4dno5djBSR1JsMy0waEIzY3Fjakh6V0JaZlBzOEpMSWx6ZmJzVmx1bXJFTVR0SHhPUjlJYURGRjZVMVdXTWplMXZrVTZQZGkwYmNWTEo4M3YyRzY3Z1pnblRK?oc=5,not_articleish;google_unresolved_news_google
Bursa Malaysia (Google fallback),google_discovery,Promotions & Updates - Bursa Marketplace,https://news.google.com/rss/articles/CBMijgFBVV95cUxNTFQ4WnFzenJobEZxSWNxbF9mdHNwS3RsclRuV29yRnEtUFduVE9IMkJNV2R6QjFLYlFXRlo3dkl3aVFzczAyWUpCRkZxRmFkY2k3bk9nQVl5RzZzZkttaFNDUldYNmRwSEhvbVp0WDFJTnV5Q2NyaTBQQmV3SDBMdzFvMHU5UkF6TEVWVmF3?oc=5,not_articleish;google_unresolved_news_google
Bursa Malaysia (Google fallback),google_discovery,Overview - Bursa Malaysia,https://news.google.com/rss/articles/CBMiqgFBVV95cUxPMGU4a3R6X0xpeXRLZ0UzSXpjZmN1akRPSC1tUW4tMFNsWVV5Z0twWlR1U0NsRFlvcWo0VmJqeFg0c0VQX2cwNEtFYkpXOVhlY0Q5YjZ3YlNkWjRSR3k0QVFSYVpnTkVyR19CczlZakJOYU1lb0V0X1JkLTJTZ243VktZWjV5X1hvWDNuSGdZeHY4ZzluVDlrcDBhaVRmbXhjTEVrbnJ1dEdyUQ?oc=5,not_articleish;google_unresolved_news_google
Bursa Malaysia (Google fallback),google_discovery,Listing Requirements - Bursa Malaysia,https://news.google.com/rss/articles/CBMimgFBVV95cUxNZDdzZmdZVlJSTmJ0WV90bGJUaTlFeTdfOU1WVy1vUDdNVGlaWHppLXlGYkhCb1FNdWVoTm1YU3lUZU83OG05WUJmVmtRWlFMYTUwc2ljX3UwLTFKMTZoRXc3S05OTGFJMkE1S1JEVG1iNDNOcmFvVHpUQUxWZFdBZXRMaUk4RC1nSzFybGFpMkI0YkEzWkxIQmxn?oc=5,not_articleish;google_unresolved_news_google
Bursa Malaysia (Google fallback),google_discovery,FTSE Bursa Malaysia KLCI - Bursa Malaysia,https://news.google.com/rss/articles/CBMiugFBVV95cUxNYkQtOGpneDlYUzd4Ql8tSVhPVlBVb21waXhCek1rSjNOUkxRWDBlR3N3Q1FFOGN4TTYxX1NON0gzYTNQZTQtdFctd0ROa1YzeHBjWWQ5RFZYTG51dnFqTFJONVRLa2NfV0xPSDFKN0NSX1plekVnWWFtOHA2UzJmRUFEejlQa1otWU1UbmwzMXVRYjZpRURzdzZPVDJvMGVWMXZTTXI3U21QMlRRemotMDNRT0RGZjliMnc?oc=5,not_articleish;google_unresolved_news_google
Bursa Malaysia (Google fallback),google_discovery,FAQs on Circuit Breaker - Bursa Malaysia,https://news.google.com/rss/articles/CBMihgFBVV95cUxPNElCQXpxbG44NVdRMmVPUHdYN0xIT040N0M4VTB1VnR3MWE5cjlOVTFoZEZWLUQ2MFJCN3IxSVNaWlozOWNfY0hDbzFzVGFiaDZYSmI2TGlsT0hrY3Q5dDRsU2F2eG1sbXREc1ctM3hiZUFSdlhzUmVQWHZrSFAtWjZlbk8zQQ?oc=5,not_articleish;google_unresolved_news_google
Bursa Malaysia (Google fallback),google_discovery,OMESTI BERHAD - Bursa Malaysia,https://news.google.com/rss/articles/CBMiqgFBVV95cUxPYjgxa3Z5czhaLUxTT2pXbHpJOTdqLXNQQ0ZYZ1BhV3E5OFBXU2x0dGNCSFlTejh4aF9yVzRETC1VWWVlblFPZjZ5WXNIYXRwdGpfc3dPaHFpMkstcVZ6dG8tSTNDeUt0UkZqTU1nb3ZRWnVfN3RlNjJJTUplUW1ZM29LUk9VZmhBUl9NaUhSSkpicUVpN0V1b1dLWk5RTHAtYnNVOTg3dmF1UQ?oc=5,not_articleish;google_unresolved_news_google
Bursa Malaysia (Google fallback),google_discovery,Overview - Bursa Malaysia,https://news.google.com/rss/articles/CBMiqwFBVV95cUxObWtEY3pYa3Y4LWZiekFRQV9uektYWEtPYmMwVC1BcTAwSk51U2w4djYxS0NXSWthdmhQOGYxMzA0T2xCQmlRXzlaVUpuTWRrNmVJaktvRkI1WEhCdnJ4T2NEempnTEVlQTludFNLVHVaYTAwVjB6d1ViUE9TcnRXMEdGRVFFSjdsdWJqM0RnOHM2YlpPU2FKLURmc2pRajkyYnpSSFRuYXpsdTA?oc=5,not_articleish;google_unresolved_news_google
Bursa Malaysia (Google fallback),google_discovery,Bursa Malaysia Infrastructure Services Standards - Bursa Malaysia,https://news.google.com/rss/articles/CBMi3AFBVV95cUxOSnJkRXRDNDd2aU94VU0zamdUN29ib1NoVnhhWmFZZXZ3QjBWUGQ3TkdtY0RYZDB3WGRBc2xLaGd6Y2VETUczVk1VdmRNZC16OVlqUmlRT2JwZy15dWdTT3h1VzhZTTRVa0NqWHFsWFRFSDdYWldNU184b1N6TnI3YTN5cF9ZWG1WNEpaMnotQmVGaVZxbDBURkoyQkRnYkN6Y2ZWTVZjLVUxcm1FWC1XZ1N1QlpQWlR2WS1rSEhYRWd6UmdVWUNsTEdwMXplMXdEek8yd3VJdVlIbGhY?oc=5,not_articleish;google_unresolved_news_google
Bursa Malaysia (Google fallback),google_discovery,TOMEI - TOMEI CONSOLIDATED BERHAD (7230) : Profil Syarikat - Bursa Malaysia,https://news.google.com/rss/articles/CBMiqgFBVV95cUxPbHZUNXhuNERpUjY5cDZkYjM4T243WThmYnVtNzdzUm8wQkZUaVUwVmx3V1NwU0Y4THZiTTlKTWxUOGduLVFYcE5iUzVTaE55OHo0Z3RUdHU1X01idUQyd3ppNi1VM1RYTEoyWnc4azZ1aVI0TUtFWTA2Z1dFd0JhNGZvSGVucklfMWRDXzRHdDdIeGluaFE2SUhqd0JVZjJHdzFaQ2dTdmNDUQ?oc=5,not_articleish;google_unresolved_news_google
Bursa Malaysia (Google fallback),google_discovery,THE BURSA MALAYSIA QUALITY 50 INDEX CONSTITUENT LIST - Bursa Malaysia,https://news.google.com/rss/articles/CBMi3gFBVV95cUxNWUYyOFBuVG8wam1ZR2VIWTBlaENaMFc2Z0RTeWd6b1NsRjJxN2pmYUlQNFR4LW56azg0QXBYYXdCNExoUW1JWXpmLUxYcGRzUjViWExEZFUxdzZMVmdjQ0JqTHdJOVBCOFBDdTF4MXNxNlBjMGZRaU5KWHJKTENVbEZ1RXZVOFMyRnMyUWVfa1l0NF90S3hNLXk5ZlFmdEpaQjUxQVBQQUl6ZUczTndUUTF2aV9DMXlDOUdCa2l5dXRXQjAyaHF6Wm1MbVRDQ1Q3ZFpHUHpSbFBrdFZBMHc?oc=5,not_articleish;google_unresolved_news_google
Bursa Malaysia (Google fallback),google_discovery,BURSA MALAYSIA UNDERTAKES MALAYSIAN INVESTOR RELATIONS ASSOCIATION’S ROLE - Bursa Malaysia,https://news.google.com/rss/articles/CBMiygFBVV95cUxQSEZSYzVLSGlYS0hkSnFXcjdoRDdaYXI5d0Y0NUpPWnA0dHZPLTNFNG1oU0pERUwzbUJjRHRlUUVrbi1iQjlLN1dHRTNGMnNPMXZ0TTFwTDBpYTNnemVQbnFSdE1hWU9xaDV3VUdfdHlrRGRsZjF2YzNyQThLdlJGMndfNGRKMEMxa1NEc0lTWUhDVkZWZG1USkQxQ19iTE9ERlJIRFZEVV95ZGktYzV0TzN4RE1mV2pHOWVJYUpMZHQ0ald5M3Z3SG9R?oc=5,not_articleish;google_unresolved_news_google
Bursa Malaysia (Google fallback),google_discovery,Closing of Account - Bursa Malaysia,https://news.google.com/rss/articles/CBMidkFVX3lxTFAxM0Vseml6OWpOMUdac21ET1F4WXZ1bUZfZTFWOF9XMWYxaUxXdldCNmpPY3pOX1k3NXduRFRsNEFGTFZkSjBic1EyYmxfLTNZaFQ3ZmxoOWFWTG1lTWRaOS1tOEdPZ0NtOXBJaXdPVUpHRjJzTWc?oc=5,not_articleish;google_unresolved_news_google
Bursa Malaysia (Google fallback),google_discovery,SUNCON - SUNWAY CONSTRUCTION GROUP BERHAD (5263) : Profil Syarikat - Bursa Malaysia,https://news.google.com/rss/articles/CBMiqgFBVV95cUxNczhwRUtfeC1ReE5jSmIyWm1PeFU1d1h2aWdFREJxQ0dkbXZKYVkwRUd6Y0N4REpfMk1KQ21SZzhKU25ZSnpDV0RERm1XWFJIWlBhUnlQUk13OFZMclU0Y2hnOFdTX1JMUjZqU2pTRzFNQVFIVkdNMnFrbC1uRmMxOUJpSTF2dUVJZlJnZE1QNDJYRk15Y3RLZGFaU1lranJycDFVZWo1VXhfUQ?oc=5,not_articleish;google_unresolved_news_google
Bursa Malaysia (Google fallback),google_discovery,MPI - MALAYSIAN PACIFIC INDUSTRIES BERHAD (3867) : Profil Syarikat - Bursa Malaysia,https://news.google.com/rss/articles/CBMiqgFBVV95cUxQS3dTZ2RIOS1TYlJqX2pjd29FV1p2bVlKTVNnajlTb2k0Q25sbmV5aW1CMTc3Qlh1RmtxY05BdFFHWUYxdmxMbHlidnZaYUZpdHkwRkJiSXhBSTRrS095UGFEV0d6RGJJWnRVRldNOFplak9GSVlrTXdZWm82dU1KWTBDOTdDQ1NkeHRrWU50bHZfOVlfeUcwY1RnUzA3Uk8tSkxQSk5OLVZhZw?oc=5,not_articleish;google_unresolved_news_google
Bursa Malaysia (Google fallback),google_discovery,Bursa Malaysia Securities Clearing - Bursa Malaysia,https://news.google.com/rss/articles/CBMiuwFBVV95cUxPREdCdFZ3NlFCUGd4MklkY1E4YXVfTS02bUNCVG1GNnZUZFJzZ2gwMWRwSERJM0xTQlQtWXJEa28tYVdiUEVGejA3WkNnaVJHYmVqT1prV21oOWY3YXl6c19FeW1NdVJJZUJkcVNMRUZ5amhrRjdLQ0ljTmxvR3A2RkJSNjMteWpaVTYzd0w3MWUtblFsM25rU2FDeVlzTVFDQjI0QlZseEZLNlhCMTJLNDNsSDVLT0VlTG5N?oc=5,not_articleish;google_unresolved_news_google
Bursa Malaysia (Google fallback),google_discovery,Bursa Malaysia Securities Berhad - Bursa Malaysia,https://news.google.com/rss/articles/CBMivgFBVV95cUxNcDlNUlRTMjh0YW9JcVJaNVNBZlpDQVZUQ2c3ZERXOVBUVEpWendiV0hJUlV4bkc3R0VybW5PVlIwMVFTU1dlYzE2aURzRUZaMnhmRXJSTWdDeUlWcnJFRWV5dVBRa1V3dFZaUUFmQkhJb2JUMjZlMGw2WUx6Q3RnWnNiRUJLcmNJYk9UaFlpenZnVGFDQzd6b3daR2YweWJyMjlrRWJyZmNZWG5yZFptUWRBSXNsTTdGR3lVbDhn?oc=5,not_articleish;google_unresolved_news_google
Bursa Malaysia (Google fallback),google_discovery,Equities Prices - Bursa Malaysia - Bursa Malaysia,https://news.google.com/rss/articles/CBMickFVX3lxTE9SN1FIeC1OUnpPSlpOazdxZGFRMjdCVjZMYjRsQnFaX29xZU5HTjVxalJ3REdBTzEyM29RZ0ptcnFJc09fWjlHc1ltV09EbkM5bVNDdDZyeVB4TUdvZnZ1TFVIMVU0TUliQTRoRWlpa1RmQQ?oc=5,not_articleish;google_unresolved_news_google
Bursa Malaysia (Google fallback),google_discovery,GROWING LIST OF COMPANIES INCLUDED IN THE FTSE4GOOD BURSA MALAYSIA INDICES SIGNALS STRONGER ESG COMMITMENT AMONG MALAYSIAN PUBLI - Bursa Malaysia,https://news.google.com/rss/articles/CBMivANBVV95cUxONnlvbkdFcE0xVmJMOEZDTzFlOWQta2R4WHFyWUxhY2RmdHUxZjJQa0ZlRWpMQTdHWE9JdE5qZ0ZQZGNmQmxEa0RKaFpRenV4NTB6YVZ0cFJiVHNDWDlIMDRseGFNejJVUkhHeXNIRVh3MDBDQy1Ea2VVZmVYNnpDSnVRaU9NaVdDUmRCa0tocWMteTIzY1VHZW9LdEhDa1M5QWJtYzdpdXgyQnBxRU1ueFZTaW9hVm1PSnpxT2dhTHdsSG8yWVVneS1GU1pSVlFXOU5KdkhxdXpSZ1RuVzNRZWtmSGNkQ1h2UmQ2a3lERHRNM01zdWZncXJlNjZUYWd5RExZanJSaDQ1MWlkSWdic1psMl9vYzE4MzNnQzJFTW15Q3A0TzdzSEtrLTdtREhjeERnbDhaQWtCc1p4LURXeDBTNUYyM1QwVDY4ZnNiMGhkZy1pd3cyRTYzbHJZRjY1enFfeTBwNUd6Z3phRDFXVHdpOWhzN3Ezc1NOdWMwaXp1OWxrcEU1TFdfczhrcHRuUW9reXRZNkNDTmlpOWdtdWFWYkdOSmh6VFRiWlNXOWFkOEZveXd4aTBUZUE?oc=5,not_articleish;google_unresolved_news_google
Bursa Malaysia (Google fallback),google_discovery,Market Statistics - Bursa Malaysia - Bursa Malaysia,https://news.google.com/rss/articles/CBMiggFBVV95cUxNbzZsMnZDWDJzdTNXemk1OXhCYVJ3Y0Zod1VpTEVVaU54V1FxTl9TeDdnX0NmUjZ1WGk2aEJvTHRiZXpycVlwaURqUjJCLVZzdXBCajJrLUJqWnZSaURrSTZ0WWVKOW9Sc3BYcUgwVGxNMFRTNDRqNExVOEdrSHR0dDFB?oc=5,not_articleish;google_unresolved_news_google
Bursa Malaysia (Google fallback),google_discovery,BURSA MALAYSIA BRINGS FLAGSHIP INVESTMENT FAIR TO SABAH - Bursa Malaysia,https://news.google.com/rss/articles/CBMiswFBVV95cUxNMGpJMmdJNUpZOTRSc3Z0dnRmWmVZZnV5UENnMXBCQXU4Tzl3VWpGZnVnd2p3SnRnUHZBQ0dLMmgydkdSVFI5NDJjVF9Zb0VJNW0zcVpYVUxOWXdaN1pRQnEwYy1MMjMzaVBSb2xMTXBzRTZiUFpycXo1SXdpWWlENXl0TFMtelZmT3ZMU213S0xmRjczRHQ3NG5zcjJleV9mR1hfblI4QUhJOUI5cW12b291RQ?oc=5,not_articleish;google_unresolved_news_google
Bursa Malaysia (Google fallback),google_discovery,"BURSA MALAYSIA SECURITIES BERHAD INITIATES LEGAL ACTION ON KNM GROUP BERHAD’S EXTRAORDINARY GENERAL MEETING, TO SAFEGUARD - Bursa Malaysia",https://news.google.com/rss/articles/CBMiigNBVV95cUxOV293UzhxcElBR1czSTh5VEx0akFDWkxwSlN5SzRkRElnd0E2dXdGUWtjVnVxNnpnMkJIWjR6UkFWTlI4LWpucmdaclYtMHp3SFk5RXBKTXRwZ1hObG4xNWRUOVc5VThNQmtjUVRYTUlEcy1weGxpSEFCcUlyZ2R4aWx6MW83cjY3QURMMFdYSUs3NGFCMTBGT1NmS2V3MXY0NzkwY2ozOTdsb2RvRldRall0Y3NoODFHTnB6U3JXYWNYUE1KWGFLazZCSU1sbF83M3VnaVhoZGd5MHNqUmg3TkFaSFl1WlExRkVfS1dOTk5zREFoRzl1SlV0RlpNR2pNR3dwdEVGMnZHX00yMUZrXzEwalVoUE5kekJhWlRqdEVXakJpNkR1WVBSdm4walZPY3V0WVhYOWs0dDZpT2oxSG9tNWVVOFZVbGFlNms2RnY5eG8wNjRJbXUydlZyNlJuZmtGSmg5VjV5dDl0V1k3eUcxa1AwaWMzT1lSN0Z2eDUwblJYYmphRF9B?oc=5,not_articleish;google_unresolved_news_google
Bursa Malaysia (Google fallback),google_discovery,BURSA MALAYSIA SECURITIES BERHAD - Bursa Malaysia,https://news.google.com/rss/articles/CBMiggJBVV95cUxPQUtBOUt5UGw2QUQyUERJeHU0Z0lpVVpKTmRPbDhKcXczTUI5b1dna01BWDQ5VXN0Zy1iSzhOWk5DdDNTTmVLRkN1Vk9EWnVzMlByRjBBZTJBYUFUUy11MTIxOXBsWlh2bjZobGlsLUcwMTdRTDdLaEZDcmdjQ3hnckVqWURnOVR0X0VOVmZJaGlvZmY3Q2NDVWp3OG85YWliY2xKTERPT0FjYWYxcndtbUdZOUpFZmo1TnBieW5LaXd2RlY3Yi1rMWh4aWRIQS1uYVhuQVhlUHU2SEVKSWdxbTRWYkZtNm5rWGlhUVF6TWRVY0hGeFVDMHJJZkh5MFUyUlE?oc=5,not_articleish;google_unresolved_news_google
Bursa Malaysia (Google fallback),google_discovery,Listing Process - Bursa Malaysia,https://news.google.com/rss/articles/CBMickFVX3lxTE1Gb0ZRWFhNLTNma3pLSGxMZkZDRmlrMVhSSWZ1UVB1Y1pMUlpfcUhMWnY1b0FNYnJlSHZSNHRXRklPemJjaEJKR2JqZmswNUh4Y2ZVeGpqSXdlTGhfdC1JRzlONGZ1V3pTVjJKM1NTUzlNQQ?oc=5,not_articleish;google_unresolved_news_google
Bursa Malaysia (Google fallback),google_discovery,Consolidated Rules of Bursa Malaysia Derivatives - Bursa Malaysia,https://news.google.com/rss/articles/CBMizAFBVV95cUxOZ2Q2WmtOcjJ3N2VkZ3FOb1JuZmVxSERpUkQzR1hxRFBxWXN4MTZJVzBlV1VqSlBNVF9XRXg4V3NfQkstZFUzeDhOUHo1LUV0LXgyVWZNamFTU1kxNXg3LXg4THllYzMyT3dpbll5eGNrMk1aVE0zWktaaGk0dVppSmhtdkpkZTZZbGRpbHo5Y0lNNEJDaWFYYTR2VERhekY5Umx0ZGR3dWYtRlJJd3QxbHRTakFWS0lYek1iZ3JhV3pQdmJpbnREUHhmSXY?oc=5,not_articleish;google_unresolved_news_google
Bursa Malaysia (Google fallback),google_discovery,BURSA MALAYSIA INTEGRATES CORPORATE GOVERNANCE RATINGS ON MYBURSA TO DRIVE INFORMED INVESTMENT DECISIONS - Bursa Malaysia,https://news.google.com/rss/articles/CBMihANBVV95cUxPclNVQjc0N0JRYk5DT2oxRFh2V21HQmxRakZ0bXV1Z2RMRU0tVG1uelpmeE5TWE5sc0VjM1I0NzZhRERNLVRMRFpMTWZ2UUVPYnNZQzJndjJ4YXBWa2t0aVFsREJpUVI5djZuaHkyUlZJYVlqLTR1d1p6R0N1ME8zSThEeTh0NDk1MnRrc1Q2T05uNE1jRlNldDZrSzJqQkRDclZDcGtCUmlLVDQtdFB2Nm54Y203aFZVNDAtTml3ZmpfSTB6Y19mSzFHR0ZKQmh1TVZaYllKSHJfbzkwQlZPXzVwd2lCMzVCRTktM2lDNnNKMFJMZ1hhcExWNmlISE9oUzVhaVZrQmZJODdmTnRzbmVwa01PLU5jTWt1WDI2aTZPQ2FiYlE5em5jb3F6Vmpya3JEOVloQnIzbDI5RE03bC0waEc0OVhvcjU3UUcwd1ZGckM3S01MQUVtTWJiR3M2NlBoSDlONm0wT2YtZWhUYkpzV0dDbjVEX0JSMlhDWG5Wc3pz?oc=5,not_articleish;google_unresolved_news_google
Bursa Malaysia (Google fallback),google_discovery,RULES OF BURSA MALAYSIA DERIVATIVES BERHAD TABLE OF CONTENTS CHAPTER 1 DEFINITIONS AND RELATED PROVISIONS Part A DEFINITION AN - Bursa Malaysia,https://news.google.com/rss/articles/CBMi8wFBVV95cUxQNUNRTFVOYjduYk9kb2UwVjJjblg5MWJXOFk5UEt5NDR2ZkNoX0FMcGdQSHM1bzlEbnhJSDJHOXhRSlBjSm9RNUFXdjFzQUVWWmJVUHN0czFiUWtXTnZ3WEVKSG41SU5YcUw5dmU3Qmd3NGpNTGxHV2wxZTByYi01Z1lqY3ozVmMyQ0UtblNtOC1URmVCYS1zX1czRkktZC1MenFSbWt5OFBZa3BESkZ4cjVINzFCTkRDVUJrWEt0WF9QUTBLcmkwRjM3V3dhM1A5X2p2Q0JjeGpxLTBRYmdkVTlSaVpEZGtOUmNuRmpuMnZUNlE?oc=5,not_articleish;google_unresolved_news_google
Bursa Malaysia (Google fallback),google_discovery,POHKONG - POH KONG HOLDINGS BERHAD (5080) : Profil Syarikat - Bursa Malaysia,https://news.google.com/rss/articles/CBMiqgFBVV95cUxNSEgwZWYtYVhoQlJORDZlQm9xdVR3bTJQRlJBWGtnVm9YRDZkaEZkSEJ5LWRGeFhQOVJwbi1vb3R6Vm9lY0htWXNuUF85MkFENldpTEVIcDJ6eUdjVGJHb05TUXQ0b19ScWRyeDFPaHR5SFdOMG16al82NDRidTFFckg1X0NBTTFZeGJ1Mm5COEVLLWdmUjBjY0NrSE5QM1NoclpHZWFaNHNYQQ?oc=5,not_articleish;google_unresolved_news_google
Bursa Malaysia (Google fallback),google_discovery,Lembaga Pengarah Yayasan Bursa Malaysia - Bursa Malaysia,https://news.google.com/rss/articles/CBMiuAFBVV95cUxOa3E2QTk0Sjk0T3Y2ZFJTVE95aDRPa193X1dTZU5CWV9vTVFoRzRpV29CSlNrbzlGT250a2tGM240b1doTDhpenZRcldwSHE2eFVFY203UXBFcUNEcG51cF9xR2l4dUJ6YXpuMVBobGViVHlCUVJLd3ZnWGFXYUF0Nll3X1cyZTM4X2JWUHFxZ0pKdmFXRDJNZkh5a3VmbTliNi1hMzQzVVFXaHlROTlVMl80WVJGd2Jo?oc=5,not_articleish;google_unresolved_news_google
Bursa Malaysia (Google fallback),google_discovery,Advisers / Sponsors - Bursa Malaysia,https://news.google.com/rss/articles/CBMimgFBVV95cUxQcnFMT0dodUlCR0E4UTlYLW43d2JCb1c2OW9Yd04zLWtnME1vZFdocnFfX0tZNjNnSTJ6YlNyeGFwMUJQVTFsa2NpakpGUGtjMlNCQUE0bjBKWXFpWW5mbW10T090SXVBYVhPaEl6aTVDZ09HSDNKNkQ0ZlRtMEVfcFlabEJxM0ZHRjEwUUNoMXpDSlZsV3pyRW9n?oc=5,not_articleish;google_unresolved_news_google
Bursa Malaysia (Google fallback),google_discovery,BURSA MALAYSIA INFORMATION SDN BHD - Bursa Malaysia,https://news.google.com/rss/articles/CBMitgFBVV95cUxNSVcxMkViZVUtREVEQzVodGdUMy1nZlFIYTNDb21peDdRRDZwSWN2NXBPcU02S2RNMDVVZzBsaXVFWlVqYWl4MmxOR3RBNS1IS3JRQ2JPU1NsUFhFQ2Nia29wY0s3bTVTT1ZqQ0xJTk0zRjA1NUZHZjBEZVNRZjc3VnpYcnBabnNYX011aUxEN1NzdkRoMDJRbU9NMUZqR2RIWU4zZXJpV09wd2JkN1ItTWg2dlN5UQ?oc=5,not_articleish;google_unresolved_news_google
Bursa Malaysia (Google fallback),google_discovery,Overview - Bursa Malaysia,https://news.google.com/rss/articles/CBMia0FVX3lxTFAtT096U3JCWHF2MW5vT2hqNk5VNTdod0hmMFR1c0t6bjQ4a0RoRndLSU9mWHhLc2gzMHo0LWlDejl1U2k5SkR3YXJ5MTlpU3pkMU5jMUxIOUJUSkhyekEwXzloX0Y4TEZBaGpR?oc=5,not_articleish;google_unresolved_news_google
Bursa Malaysia (Google fallback),google_discovery,MAXIS - MAXIS BERHAD (6012) : Profil Syarikat - Bursa Malaysia,https://news.google.com/rss/articles/CBMiqgFBVV95cUxPc0pFQkJkR0o4VkViLUx6V3lEU1pfR19TdElfRjk2Vmp4ZnlOX0ZNeG1VYm5uSXFLRF9jMUlTWWZKMzB5djRZbDlGWjFuSGZoUFdHRDdCSjRyMWxmTV9mWTIweHZRLXIyTUlnOWpDdkpUU0hkcElxa1JLMkt5NFhucGlGVWp0Z2U3OElMaGVSQ3FpcUlSOVpoWWhSOURmNW9lajhwN1BpNVotUQ?oc=5,not_articleish;google_unresolved_news_google
Bursa Malaysia (Google fallback),google_discovery,Rules of Bursa Malaysia Securities - Bursa Malaysia,https://news.google.com/rss/articles/CBMijwFBVV95cUxOTFFEajBuV2VfZVZweFpVZGwtdm5KQTBWY1JiVVY1YjdqSVJYa2Q4amg2SWNQeXF1aDhMUGZqbjFjWTFIT1ZQS2RQREZoak1teUFhNHFHbkwyMGNsQ1NCc0RTMWhWaVVEQUtqX3pkcDMwaDJWYUpQeEpFWkdaUjFtYWl5RU1OWDIzS2xsN20tVQ?oc=5,not_articleish;google_unresolved_news_google
Bursa Malaysia (Google fallback),google_discovery,Updating of Account Particulars - Bursa Malaysia,https://news.google.com/rss/articles/CBMihwFBVV95cUxNYkJHT2ZXal9FQnNwNC1GRDRjWG5BZDN0MlROVDVRbXNubmowMUxpT0FVdC05ektIV3JKTjBzLXRPR2NCT3MtNVlENWhONzZzNXVKUU9oUmFkTEJqZ3ZDM0pRc3NDU2Fvd3psSFZ5TEZicWx4VDRzbzhLSWhaRnVHSVI1Ti1JUk0?oc=5,not_articleish;google_unresolved_news_google
Bursa Malaysia (Google fallback),google_discovery,Annexure 4 Comments to Proposed Amendments to the Rules of Bursa Malaysia Securities Bhd and New Directives - Bursa Malaysia,https://news.google.com/rss/articles/CBMi1gFBVV95cUxOUW1ya0tIZmZ3cXdDOHNRNzY3cGhaREk4XzUzODN4SGtxdjZPTWRSVU82Y1RHS1dwcVhrb25UME5LbE9sak5QYWZOUFV0U2NfS2k0YzU1OU1RNEs5MDNoeFg5eU90d1U1cGhGYkhXMFJaN0JuLWVSS0xTU3FvSGVhUElXS24xMFBvMXhBVGZyMlVYRWJDU1Jlei1DQUUzOGVQRXBiVFY0X1hKWHdYaTU3cl9tWDdjNkJkMDIyeXROOTF1TjBMU1Vsb3pwVnhzRTRGM1d1X3FB?oc=5,not_articleish;google_unresolved_news_google
Bursa Malaysia (Google fallback),google_discovery,Kenyataan Media - Bursa Malaysia,https://news.google.com/rss/articles/CBMifEFVX3lxTE1CY1RJTGFWV1Atb2xYc0ptUUctRlFTamxlREtndnNwV0FIUjhsRTJtdEh2WV83YktjbS1kQVF6eWNRR3JOM2ltc0JOS3ZBUWt0ZkUta29hblRRSGFHdGlEUlpPWml3S1BZZlQ5bEEtYjhUUVhYOW9pYjhTYWc?oc=5,not_articleish;google_unresolved_news_google
Bursa Malaysia (Google fallback),google_discovery,CG Report - Bursa Malaysia,https://news.google.com/rss/articles/CBMiiAFBVV95cUxNMzdZVTVsSVcydzNOWDlUR24wMjByMXVWRXNRWENPLWZjM3hXRmhBOXc4WVF4REx4dDdrei1oQ3pQVWhvOFBPLVk5dE1iMlh6cHhiVjZLMFIyc2Z3Q2pnTnNZVlU2Qm9EYmFlT3ltYTF3U2JDSnpGX2pvUkJSYmdPNy10UzhuVkdp?oc=5,not_articleish;google_unresolved_news_google
Bursa Malaysia (Google fallback),google_discovery,CTOS - CTOS DIGITAL BERHAD (5301) : Profil Syarikat - Bursa Malaysia,https://news.google.com/rss/articles/CBMiqgFBVV95cUxOZ2M0QUwycXZVa2pDUE9sNWkyY1lIeXRZSFY2VExORkRTUEY2WTlYclY0OEJZNTdUZFlsbW5HTVVVQUlkVUxpMjFhZ0FYV05lTmhfYngwNXJwS29NOXYtWTFzN05rVGVaem1GSzk2NGU5MDBXZUZkcmpnZzF0VzJabUNzWEdaSGUydDQ5YWRNU3I3ckhDV0F1XzUyLTZmNW1ZLVUwQ0FNT2Rmdw?oc=5,not_articleish;google_unresolved_news_google
Bursa Malaysia (Google fallback),google_discovery,LHI - LEONG HUP INTERNATIONAL BERHAD (6633) : Profil Syarikat - Bursa Malaysia,https://news.google.com/rss/articles/CBMiqgFBVV95cUxNOTZxTm1vZjNZaXY5aVRnb1JGSmhfb2NPdkRRM3ZhY0tlTjFFQlVZMjdOTi0ybGtmdXE0Y0E0QkZsVlVfakhuUDZNVVpSejNDdDV0dVhyQWZtY2tKV09pdTFLdWhLRE5RVF9rSFVtRkw2dlRfSjY2NUFVVW5fQWV1UFktMmFyYnlBbXhlTGhPMmdqTllodk91RlRmWHFtdVZMOFd0MDRRZUU1QQ?oc=5,not_articleish;google_unresolved_news_google
Bursa Malaysia (Google fallback),google_discovery,Practice Notes - Bursa Malaysia,https://news.google.com/rss/articles/CBMikgFBVV95cUxOMW8wOGg4emtMbzROOUtfQmhyMmJhdGRIS1Mwa3BIYzFxblVQd282ZnVpM3hjT3dzdUhsbnhNQ3VXa2s0c3JfdUNZS3hWUVdINDlHbUJPZlJKSzlxYXBRUTkxQ2F3Z3VqdmJnQTRvTnBRdnN0cXdRb3dTR3dHTVZIemp1cExuc0RwZmNfMEpCelhlZw?oc=5,not_articleish;google_unresolved_news_google
Bursa Malaysia (Google fallback),google_discovery,Pengumuman Syarikat - Bursa Malaysia,https://news.google.com/rss/articles/CBMioAFBVV95cUxOcHYtWVQwNi1SbmdvT01OQ0IxNXpxOE9CS1Ezd19reGoySmdUNlZ4OHc4ZERfVUgtVEhMamRuZlN1dldWbUxDbi1UTjVRc3g5SWJhM2hNUUJnX2tBMUFVSm8yS3gxQjRnalNveHlaV1dLbEdpdUVMSUludm9zRHNCVW5VQW9XNjRVRGZLM0RCc0NIbXhYcFR3UzRjSl9wdmFY?oc=5,not_articleish;google_unresolved_news_google
Bursa Malaysia (Google fallback),google_discovery,CDB - CELCOMDIGI BERHAD (6947) : Profil Syarikat - Bursa Malaysia,https://news.google.com/rss/articles/CBMiqgFBVV95cUxPNGo0TDBYN1Y0Yks4RGpxa0pKMGVBVkMyUi12d21DNkdSWUFjN2JsTlNxcnRzSThSb2QwdFBxOXNlNGtpM0RDcmJsNklJYmY0bVdxSnFBVTFla1FSM09VLTBtM1lBUkxYMWo4N0N4RHFvSVFGOFUwa193aTBKbVdjbF9WNTM5ckUtZ2NreTBVS1F5QThWYlpmY2lDdUNtdkdwQzdXQjNOc2xYUQ?oc=5,not_articleish;google_unresolved_news_google
Bursa Malaysia (Google fallback),google_discovery,Rules of Bursa Malaysia Securities Clearing - Bursa Malaysia,https://news.google.com/rss/articles/CBMimwFBVV95cUxQbjYtdkxQakVCZDlRNDlkUWZiYlJaWWx5Nmdqd2dpNzhzbE1GOFN1Mk1ackZuaEVWUzJIeFoxc19jTGV0ekZvQVZBYlh0LTZqVzJ3ZXFydUZ6Y0dRMGpnV2did1d5LXEtM0hxTHJYVHF6b3g1OHEwLTUxRjg3VkRpQXA5Uk5KTVl3NVFTZndZbENvclJJOUhUa0tfaw?oc=5,not_articleish;google_unresolved_news_google
Bursa Malaysia (Google fallback),google_discovery,Page 1 of 9 APPLICATION FORM FOR REGISTRATION OF BURSA MALAYSIA DERIVATIVES CLEARING BERHAD PARTICIPANTSHIP 1. Particulars of th - Bursa Malaysia,https://news.google.com/rss/articles/CBMinAJBVV95cUxPc21JU1JTT1g3VC1yS3lQWFg0VF9CWGVFeXhhdVpnd0F6N2pYZ2ZlZjRNWlNYN0UxaHBCenAyWHlOaVEzbVNxbThhSjRPR2hlWFpwWVVhd3RoemlxOF9PWldwbkJKNXo4SlJ2eUlPTkhES2ZOVnNOWmt1MUk5X2U4VWhTN3B2Wk9ySzk3b3RHdHhzX2s3Z3plLUFEemVpdG5jRXprd3U5UDdLdWp5NVRPYnBfeXQ4VWl6UllpVGtzRTlENzF2bk9sV2JnMWotelRKSXRRczlHZW93U3ZPeTY2dERsWnBqU2FkMW9pMkgxTXlKOUFhWVR2U3BTTXZwSnJzQTA5b0ZGYTFZUVdVN04xWXQ1SXFTbUZBMVBOaQ?oc=5,not_articleish;google_unresolved_news_google
Bursa Malaysia (Google fallback),google_discovery,media release - bursa malaysia's earth week features talks and fun activities for corporate leaders and the public - Bursa Malaysia,https://news.google.com/rss/articles/CBMi_AJBVV95cUxPektleDcxZmFSTl9pV3BMQ1VPNE1oLUlzUnRWYmJGalZqTWgwNWxBZ3FZaUxVamdSTlliTF9RenFkSnd1eUYzYkFITG15VG9ZRk5MRjVyQjhNU2hlS2EzbmpNSXlNaWpYVW5WN0hpVXBhWXdpVE93cGY5MHUzMC0xUG51N0VRNGIwUFRaWWpWY1h3WHNqLVpUVnBIVkhKTFhXN2dWV0ZBTEpaVEtlNFRQMUo4TEswZF9rc3JkbkNnSUEyY3hnZl9ZWThxZmdielU5b3dYLXl1ZHJ5YkZqRnlQbTRlT2NDWkhMLWUyOE9qZGJqTVdvcU1xSHNJTmdkdWZmcGRWR3RIMktob0hwY0U5QWpGOTZUd2tOalNGUEx4bXNyek84bEE0azBVX2pWWkJLSUk1ZVMweHZkS0ZDVTdCbGF0Yi1wQUhuQXFjbHlkaXZ5NUVHRExjSmJYenJpQmFWaDdFeG1mZTB4YVFmaWtCbnlsNFNnN19IMVZtdg?oc=5,not_articleish;google_unresolved_news_google
Bursa Malaysia (Google fallback),google_discovery,Manual and Guidelines for PO - Bursa Malaysia,https://news.google.com/rss/articles/CBMiiwFBVV95cUxNY1N6QzhGanRxM24wQ3RKVURWSXV4V1JCSVZMT24wOFlfeERWUng0aDkwV2xteW5lOEx3Slk0UktiMS1Hay1Celk3Y1ZRSEpaRTJCTVVMRFk5YnZiLXZESG8xc1g5eXRPZFdRM3RSRHhNZi1xbTlSRHBJSjVmZVAyY0cyWF9CWVhaclBF?oc=5,not_articleish;google_unresolved_news_google
Bursa Malaysia (Google fallback),google_discovery,PARAMON - PARAMOUNT CORPORATION BERHAD (1724) : Profil Syarikat - Bursa Malaysia,https://news.google.com/rss/articles/CBMiqgFBVV95cUxOTGVUQlZ1M1FESFVZbGlYZVZnN0hLX3AxYkZZc1FUd09ObE12akZPT0Y5ci1CS3NTZC1taVNvNnlyeENsNGZndmNVajhreEF1MjE0WWgwSkZDbGx0LUlqSU5lSHVGdnlWRjZkS05Fb05iMHVVVXlTU0p4eXRHWFc0ZldpVjd3VFRlM3AxcUQtV3E2MmdoQmMxcjQ3OGdKSl84OThiQ3Q3QmFHdw?oc=5,not_articleish;google_unresolved_news_google
Bursa Malaysia (Google fallback),google_discovery,GIIB - GIIB HOLDINGS BERHAD (7192) : Profil Syarikat - Bursa Malaysia,https://news.google.com/rss/articles/CBMiqgFBVV95cUxPaUloZ0dGWVJoZUY0MWJ4Qjh5dnZLNlZlcXg3TlpjUzE5bXBCRU15UzdkN2FoZTY2SWsxaTBJMW9ycWlIQkt2UUZiVV81ejlmUnYxUlVfU2l3WGxvUEhScEs0c0YwVkl3RUNSQWc0OHBxdlRnXzZYeVJVVTFvQzZyMGlXVUpBVkNOU2RDZEFKNkNJamNJTGRLOEMwQXAyd2FpNElhQXhoZzgtdw?oc=5,not_articleish;google_unresolved_news_google
Bursa Malaysia (Google fallback),google_discovery,INSAS - INSAS BERHAD (3379) : Profil Syarikat - Bursa Malaysia,https://news.google.com/rss/articles/CBMiqgFBVV95cUxNdGpkVzlPN1RZRnJycFNIakIyRWUySHdPTXY4V3NmZ0JEekJwUU5OUHhZSFVvMmFrY29aMFBfS0tUTW9VTmZKVjIwNU90NzdhcGg3MTRVcHkwbFFtT0ZvV3cyRFJLME9NUmluRWNReXhnSGhPc0twOXhVLWJYR3c1aXF1dm5lTEE4Ujd4cUJybUhYdlMxYWVoU2UwU0FxQUtuTm9PY083QlpMZw?oc=5,not_articleish;google_unresolved_news_google
Bursa Malaysia (Google fallback),google_discovery,LISTING REQUIREMENTS - Bursa Malaysia,https://news.google.com/rss/articles/CBMimgJBVV95cUxOcC1IOFNxRjczR0RnQ2RTbGFQUm0tRnhXcDFvWUtOZkVTTHZHc1lNZnMyazREN2VxWl9RNHNQOS1YZF9QWFFNeXc2LW1pV3pEb194WWEydHBMN3NfTWNhckUyUjRTaVh6YllXTjdSQVZrck54OHFSTEJWOHZYMHU2VW5FZDhKOWZpbnhzTm9FcUwwLXlUVWhhM1VBc2lHbVVFeE00VUNxRmZDcTFBS2xhb2cxQmdLNkdNWmRsQi1jZ1dGMkt4UnZrVmFhejZTZ1VRT0VPdlljeUxDWmFma1lwNjhrcVA1dUxMaXRYNWNENDFfTnZEamgzTTc2d3IyZHdqd0sxYnN5RFNSX0pGZlJVek5yWWFPMmN6T0E?oc=5,not_articleish;google_unresolved_news_google
Bursa Malaysia (Google fallback),google_discovery,SDG - SIME DARBY PLANTATION BERHAD (5285) : Profil Syarikat - Bursa Malaysia,https://news.google.com/rss/articles/CBMiqgFBVV95cUxOcFRnc3NqLVpyZTQxRVlIdFQ1QVhfYmFUVmU4MWZudGFlYTMtbjh4QWhjLXlsWi1VZE0tSHVqLTlndWZmUC1TVnc2emNkUGstekw0TjN0b01qUHV3dS05ajNjRHNJMXEzRzhTYjhXai0zMmRXQ0t5aFI1TldkNmw0M0lyNVlTY2dMcVpqc2ZuWUtLOUJpWUo4azFOWEtLTmc5cnRkbUs0b25EUQ?oc=5,not_articleish;google_unresolved_news_google
Bursa Malaysia (Google fallback),google_discovery,Enforcement Approach - Bursa Malaysia,https://news.google.com/rss/articles/CBMiqAFBVV95cUxPeW9ROWVLcGlKcjFscGNYZVZMSHdpdG15YWhEZEVkYUdaVkg2Mkt3LU1teGFKTzFxSUlSLVhucy1TYUk2M0VmaVVlNmNhVlk0ZmhOQ2FMaTlBOEVUVWtEMWhoRlE2NEhKaXliYzdvaDczQ2pSTmVDb2tyZ0JSV1VlSlZ2OEZ6RWdoVU13YjZoVGZXU2ZxQ3NVMWJjR0JvQ0dwaFFJb0JYQ18?oc=5,not_articleish;google_unresolved_news_google
Bursa Malaysia (Google fallback),google_discovery,ASTRO - ASTRO MALAYSIA HOLDINGS BERHAD (6399) : Profil Syarikat - Bursa Malaysia,https://news.google.com/rss/articles/CBMiqgFBVV95cUxQRG1kYi1kTDFTeU9ndjJqSEtiWGUxM19BYnVrdk5YaEhXYjdRajNCWTNoVXRGWkVENW1ZcjdvblRVRXdKbnQ1aXB1cWxKSElpcG4xcFk5RDhLVTd2OTRKc3FMb0s1OGZvTTJzQ0tNUFdpRzNaRVQ4UzgtUHZ2cWJmemp3WlJ6MU4td19DN0JRRTFOZy1lWngycWp3dDFkWGdNbUc0SHB1aFZoQQ?oc=5,not_articleish;google_unresolved_news_google
Bursa Malaysia (Google fallback),google_discovery,VITROX - VITROX CORPORATION BERHAD (0097) : Profil Syarikat - Bursa Malaysia,https://news.google.com/rss/articles/CBMiqgFBVV95cUxQNnVtaGxkNjB4TmZmOERNYWYxTFlxcnBhQ3RsTWRxNmEwbXlidTlpNmVESGlsUFhmY1c4NnZRTUdDTXF5LV9aLVhkNUlCTjFiNExRN1VUYkpmQlptT0xWT3F3RHRLVS1pRVFUS2pLWEZVaXV6MS1pY0VpcmJOSC1ENnFvWXQyeWVKWjhGdG82ZHdiMWU1cE0wY0FtV2d6ODhWUHdubXExczgzUQ?oc=5,not_articleish;google_unresolved_news_google
Bursa Malaysia (Google fallback),google_discovery,Documents and Guides - Bursa Malaysia,https://news.google.com/rss/articles/CBMimwFBVV95cUxPYjhJVGZvUC1zTmNPcGZwVzNOWmRyWXdIcHktOU4xVzJ2emxvXzFmeFRZa2JMc24zaURCdkpGZ0pVZV85ZXNTQjhoRkQ3djZFRDh5TVQ0dXpjZ25QS3IxcmQ0UVFSS2t2d0VJYnpZUTNycVpUWTVSeHBWcHBseWlLSWEzRWI2QVpaM1Zia3JJV1FZSVkyRElsWkJnTQ?oc=5,not_articleish;google_unresolved_news_google
Bursa Malaysia (Google fallback),google_discovery,Overview - Bursa Malaysia,https://news.google.com/rss/articles/CBMiowFBVV95cUxQdHlsZk1XVnNKdkhCcmpkUjJLNTJqendiRzhUc0Y5ZnZ0M1h0UGxiMFZsUnFJOFRFNHd3RXVnLXFOWEk0XzVDTnJ6ZTlFa2pzbmwySzNFVHJlR25QRndWSkVHUzJvZDV4SnFkQW82SXRzcU80NzZUUGJ1ZWE0OGppbEFueGRwRm4wNzhDYmlIN0R3VkxZSGNNTXZWNGJqOElJTjVz?oc=5,not_articleish;google_unresolved_news_google
Bursa Malaysia (Google fallback),google_discovery,Board of Directors of Bursa Malaysia - Bursa Malaysia,https://news.google.com/rss/articles/CBMiqgFBVV95cUxQdGdGSjZoU1FGQ0hRTTV4Q1RmRXBodmNETF9FWUlHektIZy13UmJJdDRLOVA3MjlZdzRBUXU1RVhrMEgxaGtRb1N5dFlHOWl4dTNlZDVlVWZQNzJHb19zaGppYlMtNFFtUWQwUjBIR1pta04wbHNXNjVEWUI1LUJIVFpVMGU3RGJma0VQUWdzcEtGTjJhSTJaYURnODdtTjAwd2pmMmRPQ3didw?oc=5,not_articleish;google_unresolved_news_google
Bursa Malaysia (Google fallback),google_discovery,Communication Notes/Guides - Bursa Malaysia,https://news.google.com/rss/articles/CBMidkFVX3lxTFA4SG1OTG5nNTRhdHpkX2JjMUVDRXFUaF9VNV9iM1o3M1ZGT25iOG10cjZ2ODl2NmRRdXR5V1VSb2Z2TjQweU56OWxFbWtDMWhBUVM5MkF3M3NubkltRmh5Y2NZZFdaVmRHTVVQaU1iaG9BRHNpMlE?oc=5,not_articleish;google_unresolved_news_google
Bursa Malaysia (Google fallback),google_discovery,Overview - Bursa Malaysia,https://news.google.com/rss/articles/CBMimAFBVV95cUxNc0tIenVNMjAyQkx5LXNZaU1aaUlmTm9SdVBLYUx0T215aGRrYWNsMXpLam9GUTF6V25NR2RkSmFJUWV2QUpBb3JRVmJxbmVYal9ZNVdXaE1sTTR2NHlNZEI5Y2pLbU9ValFia3YxTC15REQ5eUo1R0tDeWxsZUFpYVAxWFBKNTlCdGlzcW1YajJnWWowNFdJXw?oc=5,not_articleish;google_unresolved_news_google
Bursa Malaysia (Google fallback),google_discovery,PETDAG - PETRONAS DAGANGAN BHD (5681) : Profil Syarikat - Bursa Malaysia,https://news.google.com/rss/articles/CBMiqgFBVV95cUxPWUVEOU10ZXBjVTRDdkhpNFVzbUdyVUt0UlF0dEl1c3lRYm1GNlJieHpFOE9LbVUtdHNSOVVtaldQMU1vd0dPUnNvSWR6LWxhblhMQm1RdDdDMlZPUTRzZlo3VEd1ODlHYWNwRzdlMG10YkcyZUZDZ1FuNi1zRjNMVXh3Nm9JRzhvYWJkNFh5MjAtWm1EV3NSTXg5akFSNU8tdGdIUDFNQmxPdw?oc=5,not_articleish;google_unresolved_news_google
Bursa Malaysia (Google fallback),google_discovery,LATEST UPDATES IN SHARIAH SCREENING METHODOLOGY FOR SECURITIES LISTED IN BURSA MALAYSIA - Bursa Malaysia,https://news.google.com/rss/articles/CBMi6AFBVV95cUxOTWxhb3ZjZHhGWmwxZkVZcmtTdm4ybzlHcWxsck1GMHNsVHVXYnYzLTNkZXlRcU1XeFdJSWNpakdFT0QwSGE4S3FFUXplZmRaU1BsMjhGWkY1V2tDRFBnVV8xbXM3d2ZuNmtqTnBVbW9CQ1I0akR1MWVKYm1VVEpfWjZBYUtFNUg5S2pWLVRqZ2hIN2ZTczRkWlJwSlAtVUJudmV3d29hdzN4b0lXdllWQlBJbWJKQmo3TnVfUUJGMEs4ck84Q3hZUTZOV1ZjQVJnSEwtUzhJV2V0UE1xMTBHdUE1eFgtSkpt?oc=5,not_articleish;google_unresolved_news_google
Bursa Malaysia (Google fallback),google_discovery,PMBTECH - PMB TECHNOLOGY BERHAD (7172) : Profil Syarikat - Bursa Malaysia,https://news.google.com/rss/articles/CBMiqgFBVV95cUxQeDY3aTVaZ0VKa1hGcWt2TjkxWkE3MDVUNjVFejhJWkpCTkRKb0FRODA2ejhZVHBtaEl3MEpNMUdXX2xKc0ZjUm5wMGRTa0RWUWVLSWFFTy1BOWxsX3MxaGtwTGZXMmRLd3NWNmpoMnZzdXIwM2dBOUlOaDhRTjlpZlJSX2dkUlJUWXgxblk0alNOZnh6UG44MFVpOVN0TXlEdG1nWjVDQkUtdw?oc=5,not_articleish;google_unresolved_news_google
Bursa Malaysia (Google fallback),google_discovery,hong leong bank berhad - Bursa Malaysia - Bursa Malaysia,https://news.google.com/rss/articles/CBMipgFBVV95cUxQRGI3UEJabHYzcnRIb2FBMXhjaWlkeWNza3F0VEpJTW5hSDJYenFXQnVXcWpfby1PZUU2WWcwYmxZRF9Wb3Ntb1QxRjNLRVVaSHA2NS1iNlRRemNVVjhOaXlJZHAtYjROSV9US2FlUFc3a1JPR3dQYTNHQUkwdHF4cEozUG9rbkZyalVRMUFybTJQdzhQQ3ptRm51WEE1STZtbHVKMEJB?oc=5,not_articleish;google_unresolved_news_google
Bursa Malaysia (Google fallback),google_discovery,BYD-C20 - BYD-C20: CW BYD COMPANY LIMITED (MACQ) (054820) : 公司简介 - Bursa Malaysia,https://news.google.com/rss/articles/CBMirAFBVV95cUxQa1hwYXl6Sld4YVJZeUlueVU0YTNybXNQdk5lc3JxNnBKa25FQ19PbWg0NGpZVjQwY0RKZjBMU2JCSzNpZFdIeVZIenlROWtTV05BMVpsWU5jLWs1R0hoY2tRclNfRzZuRVJPZ1p0dktZOGpfT2ZUdkJYRU95OFF1UlF1WTNiLTB1QTNyMFFMX0dsRTlBWmVFX3dkbTFyZGxYV0VpT0NDNjZkR0pp?oc=5,not_articleish;google_unresolved_news_google
Bursa Malaysia (Google fallback),google_discovery,RADIUM DEVELOPMENT BERHAD - Bursa Malaysia,https://news.google.com/rss/articles/CBMiqgFBVV95cUxNUTdWYVhyNXBic01iZnpsQ1Z1T1FqM0hXdHoxbGp2aGc3dVp5WmhETXV3NHd3cGpXY0VpemhkTU1KYWZnOVI3NVZnSW8yN08ybG04ZThldnFCMHVHZ2U1ZWhsYVNnekdhaXBNcUhjNVM1X3RNcnBOXzVSanotZmhXZ1ZMbEJvVnR2VGJacEEzYzFsVDFJSFYxak41aFVxSXI4VDBKeVRpTTBRUQ?oc=5,not_articleish;google_unresolved_news_google
Bursa Malaysia (Google fallback),google_discovery,FAQs on Issuer of LEAP - Bursa Malaysia,https://news.google.com/rss/articles/CBMifEFVX3lxTFA2M3k5UUFoVlNtQkZJNWZWZ3VDQkgwTWFrY21LUzBaVWYzSnllc244VmFxRU53MEpWX2ptOEZrMkNwVkdGeGdpeENzYTR0R2lJdWN6SDEyaDB0Q0VPRS1wS3ZqQ2l6a1NSZFBvOFA4NXU1dS1BV1oxWnY5ai0?oc=5,not_articleish;google_unresolved_news_google
Bursa Malaysia (Google fallback),google_discovery,CHAPTER 14 - Bursa Malaysia,https://news.google.com/rss/articles/CBMikAJBVV95cUxOcU8zbnd1SlRuYU5tNEU0MXFUWVk1eG5RbmlhUW0zdVdOc1FyQm1BS2h3YzRmTFlWcUpDMEZsLXNCY3JPSmRsb1RBbVFkMnk1NEhCR0ZvTEhzZnFETUdzeXdtZWVWbUVsX2xvZ1VHd1l4M1g3ZkFDRnc5NkQwSmtOU21qbGZGQlhhX1dPc1JfYkpzRUhHYTg2U2VhdDdNMExQdnJxMFlZMVA0MnRqR2NzdlJGd2FPUkk1Qlo4TUo0WXdEdGJBTWpEZGt2UXZodGJFSDRtRjNsNVREa2RtQ3pkXzdBN3ZyanJBbFJjanlLVmlibU9sMmNiSW1CeFNiSTlNMUZ6Wlg1Q0JhblVpeWZzVQ?oc=5,not_articleish;google_unresolved_news_google
